playerId,teamId,draftTradeValue
20100001,2510,3000.0
20100002,1540,2600.0
20100003,4900,2200.0
20100004,5110,1800.0
20100005,2310,1700.0
20100006,4600,1600.0
20100007,1050,1500.0
20100008,2520,1400.0
20100009,610,1350.0
20100010,2250,1300.0
20100011,4500,1250.0
20100012,4400,1200.0
20100013,3700,1150.0
20100014,4600,1100.0
20100015,3410,1050.0
20100016,2100,1000.0
20100017,4500,950.0
20100018,3900,900.0
20100019,200,875.0
20100020,2120,850.0
20100021,920,800.0
20100022,1400,780.0
20100023,1800,760.0
20100024,1200,740.0
20100025,1400,720.0
20100026,3800,700.0
20100027,3200,680.0
20100028,2700,660.0
20100029,3430,640.0
20100030,1540,620.0
20100031,2200,600.0
20100032,3300,590.0
20100033,2510,580.0
20100034,3000,560.0
20100035,4900,550.0
20100036,2310,540.0
20100037,3700,530.0
20100038,1050,520.0
20100039,4900,510.0
20100040,2700,500.0
20100041,610,490.0
20100042,3200,480.0
20100043,325,470.0
20100044,2520,460.0
20100045,1400,450.0
20100046,3410,440.0
20100047,3800,430.0
20100048,750,420.0
20100049,4500,410.0
20100050,2310,400.0
20100051,3000,390.0
20100052,3900,380.0
20100053,3200,370.0
20100054,920,360.0
20100055,1200,350.0
20100056,1800,340.0
20100057,325,330.0
20100058,2120,320.0
20100059,1050,310.0
20100060,4600,300.0
20100061,3430,292.0
20100062,3200,284.0
20100063,2200,276.0
20100064,3300,270.0
20100065,2510,265.0
20100066,1540,260.0
20100067,4900,255.0
20100068,2310,250.0
20100069,2520,245.0
20100070,325,240.0
20100071,1800,235.0
20100072,610,230.0
20100073,2700,225.0
20100074,2250,220.0
20100075,810,215.0
20100076,3410,210.0
20100077,2100,205.0
20100078,750,200.0
20100079,4400,195.0
20100080,1400,190.0
20100081,2120,185.0
20100082,3900,180.0
20100083,200,175.0
20100084,920,170.0
20100085,1050,165.0
20100086,3700,160.0
20100087,1400,155.0
20100088,3800,150.0
20100089,750,145.0
20100090,3200,140.0
20100091,4500,136.0
20100092,1050,132.0
20100093,2310,128.0
20100094,2200,124.0
20100095,3300,120.0
20100096,920,116.0
20100097,2100,112.0
20100098,200,108.0
20100099,2510,104.0
20100100,3000,100.0
20100101,4900,96.0
20100102,2120,92.0
20100103,5110,88.0
20100104,2100,86.0
20100105,3700,84.0
20100106,2520,82.0
20100107,610,80.0
20100108,2520,78.0
20100109,810,76.0
20100110,4400,74.0
20100111,4600,72.0
20100112,3430,70.0
20100113,3200,68.0
20100114,325,66.0
20100115,3410,64.0
20100116,3900,62.0
20100117,200,60.0
20100118,2120,58.0
20100119,2700,56.0
20100120,920,54.0
20100121,3700,52.0
20100122,3700,50.0
20100123,3300,49.0
20100124,750,48.0
20100125,3700,47.0
20100126,1200,46.0
20100127,4600,45.0
20100128,1540,44.0
20100129,2200,43.0
20100130,3800,42.0
20100131,920,41.0
20100132,2510,40.0
20100133,4600,39.5
20100134,3700,39.0
20100135,200,38.5
20100136,2310,38.0
20100137,1400,37.5
20100138,2520,37.0
20100139,3430,36.5
20100140,610,36.0
20100141,810,35.5
20100142,2310,35.0
20100143,2250,34.5
20100144,2120,34.0
20100145,2700,33.5
20100146,4400,33.0
20100147,3410,32.6
20100148,2100,32.2
20100149,2510,31.8
20100150,3200,31.4
20100151,3900,31.0
20100152,920,30.6
20100153,2250,30.2
20100154,1800,29.8
20100155,3800,29.4
20100156,325,29.0
20100157,325,28.6
20100158,3300,28.2
20100159,3700,27.8
20100160,1050,27.4
20100161,3000,27.0
20100162,2200,26.6
20100163,2700,26.2
20100164,3900,25.8
20100165,200,25.4
20100166,3900,25.0
20100167,3000,24.6
20100168,4400,24.2
20100169,1800,23.8
20100170,2510,23.4
20100171,200,23.0
20100172,4900,22.6
20100173,4500,22.2
20100174,5110,21.8
20100175,750,21.4
20100176,2100,21.0
20100177,1050,20.6
20100178,610,20.2
20100179,1200,19.8
20100180,2250,19.4
20100181,810,19.0
20100182,4500,18.6
20100183,1400,18.2
20100184,3410,17.8
20100185,4600,17.4
20100186,1050,17.0
20100187,2120,16.6
20100188,3900,16.2
20100189,2510,15.8
20100190,2520,15.4
20100191,920,15.0
20100192,610,14.6
20100193,1800,14.2
20100194,325,13.8
20100195,3900,13.4
20100196,1200,13.0
20100197,2120,12.6
20100198,750,12.2
20100199,3000,11.8
20100200,3700,11.4
20100201,3800,11.0
20100202,750,10.6
20100203,2250,10.2
20100204,750,9.8
20100205,3200,9.4
20100206,4500,9.0
20100207,2100,8.6
20100208,3200,8.2
20100209,610,7.8
20100210,4900,7.4
20100211,2510,7.0
20100212,2700,6.6
20100213,1540,6.2
20100214,3000,5.8
20100215,2520,5.4
20100216,610,5.0
20100217,4900,4.6
20100218,810,4.2
20100219,5110,3.8
20100220,3700,3.4
20100221,3410,3.0
20100222,2100,2.6
20100223,750,2.3
20100224,4500,2.0
20100225,1400,1.96
20100226,2510,1.92
20100227,2120,1.88
20100228,920,1.84
20100229,5110,1.8
20100230,1800,1.76
20100231,5110,1.72
20100232,1400,1.68
20100233,3800,1.64
20100234,1200,1.6
20100235,4400,1.56
20100236,4600,1.52
20100237,3000,1.48
20100238,2200,1.44
20100239,3300,1.4
20100240,2200,1.36
20100241,2100,1.32
20100242,3900,1.28
20100243,3700,1.24
20100244,3700,1.2
20100245,4600,1.16
20100246,2200,1.12
20100247,3200,1.08
20100248,3200,1.04
20100249,750,1.0
20100250,3200,0.96
20100251,2520,0.92
20100252,2700,0.88
20100253,4900,0.84
20100254,2510,0.8
20100255,1540,0.76
20110001,750,3000.0
20110002,1400,2600.0
20110003,610,2200.0
20110004,920,1800.0
20110005,3800,1700.0
20110006,200,1600.0
20110007,4500,1500.0
20110008,2100,1400.0
20110009,1200,1350.0
20110010,2250,1300.0
20110011,2120,1250.0
20110012,3000,1200.0
20110013,1540,1150.0
20110014,2510,1100.0
20110015,2700,1050.0
20110016,5110,1000.0
20110017,3200,950.0
20110018,4400,900.0
20110019,3410,875.0
20110020,4900,850.0
20110021,1050,800.0
20110022,2200,780.0
20110023,3700,760.0
20110024,3300,740.0
20110025,4600,720.0
20110026,2310,700.0
20110027,325,680.0
20110028,3300,660.0
20110029,810,640.0
20110030,3430,620.0
20110031,3900,600.0
20110032,1800,590.0
20110033,3200,580.0
20110034,610,560.0
20110035,920,550.0
20110036,4500,540.0
20110037,1050,530.0
20110038,3800,520.0
20110039,2100,510.0
20110040,1200,500.0
20110041,5110,490.0
20110042,2120,480.0
20110043,3000,470.0
20110044,1540,460.0
20110045,1400,450.0
20110046,1400,440.0
20110047,2510,430.0
20110048,2520,420.0
20110049,2200,410.0
20110050,4400,400.0
20110051,4900,390.0
20110052,3410,380.0
20110053,810,370.0
20110054,3700,360.0
20110055,2310,350.0
20110056,3200,340.0
20110057,1540,330.0
20110058,325,320.0
20110059,1050,310.0
20110060,2120,300.0
20110061,4400,292.0
20110062,2700,284.0
20110063,3900,276.0
20110064,1800,270.0
20110065,750,265.0
20110066,920,260.0
20110067,1400,255.0
20110068,610,250.0
20110069,3800,245.0
20110070,2310,240.0
20110071,1200,235.0
20110072,3300,230.0
20110073,3200,225.0
20110074,3200,220.0
20110075,4600,215.0
20110076,2250,210.0
20110077,2100,205.0
20110078,2510,200.0
20110079,5110,195.0
20110080,4500,190.0
20110081,2520,185.0
20110082,4400,180.0
20110083,3410,175.0
20110084,4900,170.0
20110085,325,165.0
20110086,2310,160.0
20110087,2200,155.0
20110088,3300,150.0
20110089,4400,145.0
20110090,3700,140.0
20110091,200,136.0
20110092,2520,132.0
20110093,810,128.0
20110094,3430,124.0
20110095,3900,120.0
20110096,1800,116.0
20110097,750,112.0
20110098,750,108.0
20110099,4600,104.0
20110100,610,100.0
20110101,920,96.0
20110102,1050,92.0
20110103,3800,88.0
20110104,4900,86.0
20110105,5110,84.0
20110106,3000,82.0
20110107,4600,80.0
20110108,1400,78.0
20110109,2100,76.0
20110110,1200,74.0
20110111,2700,72.0
20110112,2510,70.0
20110113,2520,68.0
20110114,2250,66.0
20110115,4500,64.0
20110116,3700,62.0
20110117,3410,60.0
20110118,2310,58.0
20110119,2200,56.0
20110120,3700,54.0
20110121,2250,52.0
20110122,610,50.0
20110123,325,49.0
20110124,1050,48.0
20110125,2520,47.0
20110126,3430,46.0
20110127,2120,45.0
20110128,3900,44.0
20110129,1400,43.0
20110130,2100,42.0
20110131,1800,41.0
20110132,750,40.0
20110133,610,39.5
20110134,920,39.0
20110135,2310,38.5
20110136,3800,38.0
20110137,1050,37.5
20110138,3200,37.0
20110139,3000,36.5
20110140,2310,36.0
20110141,1800,35.5
20110142,2100,35.0
20110143,1200,34.5
20110144,2120,34.0
20110145,200,33.5
20110146,5110,33.0
20110147,2250,32.6
20110148,2520,32.2
20110149,3700,31.8
20110150,1050,31.4
20110151,4900,31.0
20110152,2120,30.6
20110153,3430,30.2
20110154,4600,29.8
20110155,5110,29.4
20110156,4600,29.0
20110157,1540,28.6
20110158,2510,28.2
20110159,3200,27.8
20110160,810,27.4
20110161,3700,27.0
20110162,3900,26.6
20110163,4500,26.2
20110164,325,25.8
20110165,325,25.4
20110166,750,25.0
20110167,920,24.6
20110168,3000,24.2
20110169,610,23.8
20110170,3000,23.4
20110171,3800,23.0
20110172,3000,22.6
20110173,4600,22.2
20110174,2700,21.8
20110175,2100,21.4
20110176,1200,21.0
20110177,5110,20.6
20110178,5110,20.2
20110179,1800,19.8
20110180,325,19.4
20110181,2520,19.0
20110182,4500,18.6
20110183,4400,18.2
20110184,3800,17.8
20110185,3410,17.4
20110186,1800,17.0
20110187,4900,16.6
20110188,2200,16.2
20110189,1400,15.8
20110190,4500,15.4
20110191,3700,15.0
20110192,200,14.6
20110193,3700,14.2
20110194,3200,13.8
20110195,810,13.4
20110196,3900,13.0
20110197,1800,12.6
20110198,3410,12.2
20110199,2310,11.8
20110200,3000,11.4
20110201,4400,11.0
20110202,3410,10.6
20110203,750,10.2
20110204,1400,9.8
20110205,4600,9.4
20110206,610,9.0
20110207,920,8.6
20110208,3430,8.2
20110209,1540,7.8
20110210,200,7.4
20110211,4500,7.0
20110212,2100,6.6
20110213,5110,6.2
20110214,2120,5.8
20110215,3000,5.4
20110216,2510,5.0
20110217,5110,4.6
20110218,1800,4.2
20110219,3200,3.8
20110220,1200,3.4
20110221,3410,3.0
20110222,4900,2.6
20110223,2310,2.3
20110224,5110,2.0
20110225,325,1.96
20110226,3300,1.92
20110227,3430,1.88
20110228,2510,1.84
20110229,2510,1.8
20110230,200,1.76
20110231,2700,1.72
20110232,3900,1.68
20110233,1800,1.64
20110234,4400,1.6
20110235,2700,1.56
20110236,3000,1.52
20110237,3700,1.48
20110238,4900,1.44
20110239,4500,1.4
20110239,4500,1.4
20110239,4500,1.4
20110239,4500,1.4
20110239,4500,1.4
20110239,4500,1.4
20110239,4500,1.4
20110239,4500,1.4
20110240,3700,1.36
20110241,2520,1.32
20110242,4600,1.28
20110243,3300,1.24
20110244,750,1.2
20110245,610,1.16
20110246,920,1.12
20110247,1400,1.08
20110248,1050,1.04
20110249,3800,1.0
20110250,4500,0.96
20110251,2100,0.92
20110252,1200,0.88
20110253,5110,0.84
20110254,2120,0.8
20120001,2200,3000.0
20120002,5110,2600.0
20120003,1050,2200.0
20120004,3000,1800.0
20120005,2250,1700.0
20120006,1200,1600.0
20120007,4900,1500.0
20120008,2700,1400.0
20120009,750,1350.0
20120010,610,1300.0
20120011,2310,1250.0
20120012,3700,1200.0
20120013,3800,1150.0
20120014,2510,1100.0
20120015,4600,1050.0
20120016,3430,1000.0
20120017,920,950.0
20120018,4400,900.0
20120019,810,875.0
20120020,2100,850.0
20120021,3200,800.0
20120022,1050,780.0
20120023,1540,760.0
20120024,3900,740.0
20120025,3200,720.0
20120026,2120,700.0
20120027,920,680.0
20120028,1800,660.0
20120029,3000,640.0
20120030,4500,620.0
20120031,4900,600.0
20120032,3410,590.0
20120033,2510,580.0
20120034,2200,560.0
20120035,325,550.0
20120036,1400,540.0
20120037,1050,530.0
20120038,2250,520.0
20120039,2510,510.0
20120040,750,500.0
20120041,610,490.0
20120042,2700,480.0
20120043,3430,470.0
20120044,2310,460.0
20120045,810,450.0
20120046,3700,440.0
20120047,4600,430.0
20120048,3200,420.0
20120049,4400,410.0
20120050,2510,400.0
20120051,1800,390.0
20120052,2100,380.0
20120053,920,370.0
20120054,1540,360.0
20120055,200,350.0
20120056,3900,340.0
20120057,1400,330.0
20120058,4900,320.0
20120059,3700,310.0
20120060,325,300.0
20120061,4500,292.0
20120062,1800,284.0
20120063,3410,276.0
20120064,2200,270.0
20120065,2510,265.0
20120066,3000,260.0
20120067,1400,255.0
20120068,2120,250.0
20120069,610,245.0
20120070,2250,240.0
20120071,5110,235.0
20120072,2700,230.0
20120073,4400,225.0
20120074,2310,220.0
20120075,4600,215.0
20120076,2120,210.0
20120077,3430,205.0
20120078,2700,200.0
20120079,810,195.0
20120080,3800,190.0
20120081,1200,185.0
20120082,2100,180.0
20120083,920,175.0
20120084,325,170.0
20120085,1540,165.0
20120086,3900,160.0
20120087,1050,155.0
20120088,3700,150.0
20120089,3300,145.0
20120090,3200,140.0
20120091,200,136.0
20120092,2200,132.0
20120093,920,128.0
20120094,3410,124.0
20120095,2520,120.0
20120096,2510,116.0
20120097,2700,112.0
20120098,325,108.0
20120099,2120,104.0
20120100,1050,100.0
20120101,1400,96.0
20120102,5110,92.0
20120103,750,88.0
20120104,750,86.0
20120105,610,84.0
20120106,4600,82.0
20120107,2310,80.0
20120108,1400,78.0
20120109,3900,76.0
20120110,4400,74.0
20120111,810,72.0
20120112,3800,70.0
20120113,1200,68.0
20120114,4600,66.0
20120115,2100,64.0
20120116,920,62.0
20120117,4500,60.0
20120118,3000,58.0
20120119,5110,56.0
20120120,1050,54.0
20120121,2120,52.0
20120122,3300,50.0
20120123,3700,49.0
20120124,610,48.0
20120125,1540,47.0
20120126,2120,46.0
20120127,3410,45.0
20120128,3000,44.0
20120129,2520,43.0
20120130,325,42.0
20120131,3410,41.0
20120132,1800,40.0
20120133,1800,39.5
20120134,3000,39.0
20120135,1200,38.5
20120136,2200,38.0
20120137,1400,37.5
20120138,1540,37.0
20120139,3000,36.5
20120140,4900,36.0
20120141,5110,35.5
20120142,2250,35.0
20120143,750,34.5
20120144,610,34.0
20120145,2100,33.5
20120146,2310,33.0
20120147,610,32.6
20120148,1540,32.2
20120149,4400,31.8
20120150,2510,31.4
20120151,3800,31.0
20120152,1200,30.6
20120153,3700,30.2
20120154,4600,29.8
20120155,2700,29.4
20120156,920,29.0
20120157,200,28.6
20120158,2520,28.2
20120159,3900,27.8
20120160,1050,27.4
20120161,2120,27.0
20120162,3300,26.6
20120163,1800,26.2
20120164,200,25.8
20120165,4500,25.4
20120166,920,25.0
20120167,920,24.6
20120168,2520,24.2
20120169,325,23.8
20120170,2200,23.4
20120171,2510,23.0
20120172,4600,22.6
20120173,5110,22.2
20120174,4900,21.8
20120175,3000,21.4
20120176,2250,21.0
20120177,3800,20.6
20120178,610,20.2
20120179,3300,19.8
20120180,4500,19.4
20120181,4600,19.0
20120182,2310,18.6
20120183,2700,18.2
20120184,810,17.8
20120185,3800,17.4
20120186,1200,17.0
20120187,3430,16.6
20120188,1400,16.2
20120189,2520,15.8
20120190,2100,15.4
20120191,920,15.0
20120192,200,14.6
20120193,5110,14.2
20120194,3700,13.8
20120195,2120,13.4
20120196,1540,13.0
20120197,3200,12.6
20120198,325,12.2
20120199,4500,11.8
20120200,3700,11.4
20120201,3410,11.0
20120202,3430,10.6
20120203,3430,10.2
20120204,1050,9.8
20120205,1050,9.4
20120206,2200,9.0
20120207,750,8.6
20120208,2200,8.2
20120209,2510,7.8
20120210,3000,7.4
20120211,2100,7.0
20120212,4900,6.6
20120213,5110,6.2
20120214,2200,5.8
20120215,2700,5.4
20120216,750,5.0
20120217,5110,4.6
20120218,2310,4.2
20120219,3000,3.8
20120220,810,3.4
20120221,3800,3.0
20120222,1200,2.6
20120223,1540,2.3
20120224,3200,2.0
20120225,4600,1.96
20120226,4400,1.92
20120227,2700,1.88
20120228,2250,1.84
20120229,3700,1.8
20120230,2520,1.76
20120231,3900,1.72
20120232,4600,1.68
20120233,4900,1.64
20120234,3300,1.6
20120235,3200,1.56
20120236,325,1.52
20120237,4500,1.48
20120238,2310,1.44
20120239,3410,1.4
20120240,3900,1.36
20120241,1800,1.32
20120242,3430,1.28
20120243,1800,1.24
20120244,3430,1.2
20120245,1050,1.16
20120246,3900,1.12
20120247,1050,1.08
20120248,3900,1.04
20120249,200,1.0
20120250,4400,0.96
20120251,610,0.92
20120252,2510,0.88
20120253,2200,0.84
20130001,2310,3000.0
20130002,2250,2600.0
20130003,2700,2200.0
20130004,3700,1800.0
20130005,1540,1700.0
20130006,1050,1600.0
20130007,3800,1500.0
20130008,2510,1400.0
20130009,3430,1350.0
20130010,2100,1300.0
20130011,4400,1250.0
20130012,2520,1200.0
20130013,3430,1150.0
20130014,750,1100.0
20130015,3300,1050.0
20130016,610,1000.0
20130017,3900,950.0
20130018,4500,900.0
20130019,3410,875.0
20130020,810,850.0
20130021,920,800.0
20130022,200,780.0
20130023,3000,760.0
20130024,2200,740.0
20130025,3000,720.0
20130026,1800,700.0
20130027,2120,680.0
20130028,1400,660.0
20130029,3000,640.0
20130030,2510,620.0
20130031,1200,600.0
20130032,325,590.0
20130033,2250,580.0
20130034,2100,560.0
20130035,3700,550.0
20130036,1540,540.0
20130037,920,530.0
20130038,4400,520.0
20130039,3430,510.0
20130040,4500,500.0
20130041,610,490.0
20130042,2520,480.0
20130043,4900,470.0
20130044,750,460.0
20130045,3800,450.0
20130046,610,440.0
20130047,1200,430.0
20130048,3900,420.0
20130049,3410,410.0
20130050,810,400.0
20130051,5110,390.0
20130052,3200,380.0
20130053,920,370.0
20130054,2700,360.0
20130055,4500,350.0
20130056,325,340.0
20130057,2120,330.0
20130058,1400,320.0
20130059,3200,310.0
20130060,200,300.0
20130061,1800,292.0
20130062,4600,284.0
20130063,2310,276.0
20130064,2250,270.0
20130065,1540,265.0
20130066,2520,260.0
20130067,3700,255.0
20130068,1050,250.0
20130069,3800,245.0
20130070,2100,240.0
20130071,2510,235.0
20130072,3430,230.0
20130073,4900,225.0
20130074,1200,220.0
20130075,3300,215.0
20130076,4400,210.0
20130077,2700,205.0
20130078,610,200.0
20130079,3900,195.0
20130080,1200,190.0
20130081,3410,185.0
20130082,3300,180.0
20130083,3200,175.0
20130084,920,170.0
20130085,5110,165.0
20130086,2200,160.0
20130087,4600,155.0
20130088,4500,150.0
20130089,2120,145.0
20130090,1400,140.0
20130091,3200,136.0
20130092,2510,132.0
20130093,2700,128.0
20130094,325,124.0
20130095,2120,120.0
20130096,2310,116.0
20130097,2100,112.0
20130098,3700,108.0
20130099,2310,104.0
20130100,4900,100.0
20130101,2250,96.0
20130102,3200,92.0
20130103,3800,88.0
20130104,2700,86.0
20130105,610,84.0
20130106,2700,82.0
20130107,2100,80.0
20130108,750,78.0
20130109,1800,76.0
20130110,3410,74.0
20130111,3900,72.0
20130112,2520,70.0
20130113,2510,68.0
20130114,1200,66.0
20130115,3900,64.0
20130116,3800,62.0
20130117,810,60.0
20130118,920,58.0
20130119,5110,56.0
20130120,3000,54.0
20130121,2200,52.0
20130122,1800,50.0
20130123,4600,49.0
20130124,2120,48.0
20130125,1800,47.0
20130126,4900,46.0
20130127,200,45.0
20130128,4500,44.0
20130129,325,43.0
20130130,325,42.0
20130131,4500,41.0
20130132,1540,40.0
20130133,200,39.5
20130134,2310,39.0
20130135,2250,38.5
20130136,3700,38.0
20130137,4600,37.5
20130138,4600,37.0
20130139,2200,36.5
20130140,3800,36.0
20130141,3430,35.5
20130142,2100,35.0
20130143,610,34.5
20130144,3300,34.0
20130145,4400,33.5
20130146,1400,33.0
20130147,4900,32.6
20130148,750,32.2
20130149,2510,31.8
20130150,3900,31.4
20130151,1200,31.0
20130152,3410,30.6
20130153,200,30.2
20130154,5110,29.8
20130155,3000,29.4
20130156,920,29.0
20130157,4500,28.6
20130158,4600,28.2
20130159,1800,27.8
20130160,2510,27.4
20130161,1400,27.0
20130162,5110,26.6
20130163,810,26.2
20130164,2700,25.8
20130165,1540,25.4
20130166,2700,25.0
20130167,1800,24.6
20130168,325,24.2
20130169,2250,23.8
20130170,2310,23.4
20130171,1540,23.0
20130172,2520,22.6
20130173,1400,22.2
20130174,3800,21.8
20130175,1050,21.4
20130176,2120,21.0
20130177,610,20.6
20130178,3430,20.2
20130179,4400,19.8
20130180,4500,19.4
20130181,2520,19.0
20130182,750,18.6
20130183,3300,18.2
20130184,2520,17.8
20130185,1200,17.4
20130186,3900,17.0
20130187,3800,16.6
20130188,810,16.2
20130189,4900,15.8
20130190,920,15.4
20130191,5110,15.0
20130192,2200,14.6
20130193,1800,14.2
20130194,4600,13.8
20130195,2120,13.4
20130196,3000,13.0
20130197,920,12.6
20130198,2120,12.2
20130199,1540,11.8
20130200,325,11.4
20130201,2120,11.0
20130202,2100,10.6
20130203,325,10.2
20130204,2310,9.8
20130205,2520,9.4
20130206,3900,9.0
20130207,2310,8.6
20130208,2250,8.2
20130209,2520,7.8
20130210,2250,7.4
20130211,1540,7.0
20130212,3700,6.6
20130213,3000,6.2
20130214,3000,5.8
20130215,3430,5.4
20130216,1800,5.0
20130217,1050,4.6
20130218,3700,4.2
20130219,3800,3.8
20130220,4600,3.4
20130221,4400,3.0
20130222,610,2.6
20130223,3900,2.3
20130224,1800,2.0
20130225,3410,1.96
20130226,3200,1.92
20130227,1050,1.88
20130228,5110,1.84
20130229,3000,1.8
20130230,2200,1.76
20130231,4600,1.72
20130232,1800,1.68
20130233,2520,1.64
20130234,1400,1.6
20130235,3200,1.56
20130236,810,1.52
20130237,4500,1.48
20130238,325,1.44
20130239,3700,1.4
20130240,920,1.36
20130241,4600,1.32
20130242,4600,1.28
20130243,200,1.24
20130244,200,1.2
20130245,1540,1.16
20130246,4500,1.12
20130247,325,1.08
20130248,2100,1.04
20130249,200,1.0
20130250,2700,0.96
20130251,920,0.92
20130252,4500,0.88
20130253,3410,0.84
20130254,2200,0.8
20140001,2120,3000.0
20140002,2510,2600.0
20140003,2250,2200.0
20140004,610,1800.0
20140005,2520,1700.0
20140006,200,1600.0
20140007,4900,1500.0
20140008,1050,1400.0
20140009,3000,1350.0
20140010,1540,1300.0
20140011,2100,1250.0
20140012,3410,1200.0
20140013,2510,1150.0
20140014,810,1100.0
20140015,3900,1050.0
20140016,1200,1000.0
20140017,325,950.0
20140018,3430,900.0
20140019,2700,875.0
20140020,3300,850.0
20140021,1800,800.0
20140022,1050,780.0
20140023,2310,760.0
20140024,920,740.0
20140025,4400,720.0
20140026,3700,700.0
20140027,3800,680.0
20140028,750,660.0
20140029,3200,640.0
20140030,4500,620.0
20140031,1400,600.0
20140032,3000,590.0
20140033,2120,580.0
20140034,1200,560.0
20140035,1050,550.0
20140036,2520,540.0
20140037,200,530.0
20140038,4900,520.0
20140039,2250,510.0
20140040,1540,500.0
20140041,2510,490.0
20140042,3700,480.0
20140043,3410,470.0
20140044,610,460.0
20140045,4600,450.0
20140046,3900,440.0
20140047,5110,430.0
20140048,325,420.0
20140049,3430,410.0
20140050,4400,400.0
20140051,810,390.0
20140052,3800,380.0
20140053,1800,370.0
20140054,2100,360.0
20140055,920,350.0
20140056,1400,340.0
20140057,4500,330.0
20140058,3300,320.0
20140059,2200,310.0
20140060,750,300.0
20140061,2250,292.0
20140062,3200,284.0
20140063,2700,276.0
20140064,4600,270.0
20140065,2120,265.0
20140066,5110,260.0
20140067,2700,255.0
20140068,200,250.0
20140069,4900,245.0
20140070,4500,240.0
20140071,1050,235.0
20140072,3000,230.0
20140073,610,225.0
20140074,3410,220.0
20140075,2510,215.0
20140076,1540,210.0
20140077,4500,205.0
20140078,5110,200.0
20140079,325,195.0
20140080,3430,190.0
20140081,2520,185.0
20140082,810,180.0
20140083,2120,175.0
20140084,3800,170.0
20140085,1800,165.0
20140086,3700,160.0
20140087,2310,155.0
20140088,920,150.0
20140089,4400,145.0
20140090,2200,140.0
20140091,3800,136.0
20140092,750,132.0
20140093,2250,128.0
20140094,1050,124.0
20140095,1400,120.0
20140096,3000,116.0
20140097,3900,112.0
20140098,1800,108.0
20140099,325,104.0
20140100,4500,100.0
20140101,3700,96.0
20140102,5110,92.0
20140103,200,88.0
20140104,3430,86.0
20140105,3200,84.0
20140106,4500,82.0
20140107,2520,80.0
20140108,4600,78.0
20140109,610,76.0
20140110,2510,74.0
20140111,920,72.0
20140112,2100,70.0
20140113,3410,68.0
20140114,2250,66.0
20140115,3430,64.0
20140116,2520,62.0
20140117,810,60.0
20140118,3900,58.0
20140119,1200,56.0
20140120,3800,54.0
20140121,1800,52.0
20140122,2100,50.0
20140123,4600,49.0
20140124,2310,48.0
20140125,2700,47.0
20140126,3300,46.0
20140127,1050,45.0
20140128,750,44.0
20140129,4500,43.0
20140130,3200,42.0
20140131,810,41.0
20140132,4600,40.0
20140133,1540,39.5
20140134,325,39.0
20140135,2120,38.5
20140136,1540,38.0
20140137,3430,37.5
20140138,325,37.0
20140139,200,36.5
20140140,3200,36.0
20140141,3700,35.5
20140142,5110,35.0
20140143,4900,34.5
20140144,2250,34.0
20140145,3000,33.5
20140146,1200,33.0
20140147,200,32.6
20140148,750,32.2
20140149,4900,31.8
20140150,4500,31.4
20140151,2100,31.0
20140152,3410,30.6
20140153,610,30.2
20140154,3430,29.8
20140155,2700,29.4
20140156,1400,29.0
20140157,3900,28.6
20140158,1540,28.2
20140159,2250,27.8
20140160,3800,27.4
20140161,1800,27.0
20140162,3700,26.6
20140163,2310,26.2
20140164,920,25.8
20140165,4400,25.4
20140166,2200,25.0
20140167,3300,24.6
20140168,200,24.2
20140169,3300,23.8
20140170,4500,23.4
20140171,2700,23.0
20140172,4600,22.6
20140173,3900,22.2
20140174,3410,21.8
20140175,325,21.4
20140176,1800,21.0
20140177,2120,20.6
20140178,2100,20.2
20140179,3200,19.8
20140180,4500,19.4
20140181,2120,19.0
20140182,3000,18.6
20140183,810,18.2
20140184,3000,17.8
20140185,4900,17.4
20140186,5110,17.0
20140187,3410,16.6
20140188,2510,16.2
20140189,1540,15.8
20140190,2700,15.4
20140191,810,15.0
20140192,3900,14.6
20140193,2310,14.2
20140194,325,13.8
20140195,3430,13.4
20140196,3800,13.0
20140197,1800,12.6
20140198,3200,12.2
20140199,4600,11.8
20140200,2310,11.4
20140201,4400,11.0
20140202,3300,10.6
20140203,2200,10.2
20140204,750,9.8
20140205,2250,9.4
20140206,3200,9.0
20140207,1400,8.6
20140208,4600,8.2
20140209,3430,7.8
20140210,3430,7.4
20140211,2120,7.0
20140212,920,6.6
20140213,3430,6.2
20140214,2510,5.8
20140215,3900,5.4
20140216,2120,5.0
20140217,5110,4.6
20140218,325,4.2
20140219,2520,3.8
20140220,3000,3.4
20140221,610,3.0
20140222,2250,2.6
20140223,3000,2.3
20140224,3700,2.0
20140225,3000,1.96
20140226,2510,1.92
20140227,4600,1.88
20140228,5110,1.84
20140229,1540,1.8
20140230,3900,1.76
20140231,1200,1.72
20140232,2200,1.68
20140233,3430,1.64
20140234,2700,1.6
20140235,2520,1.56
20140236,1800,1.52
20140237,610,1.48
20140238,1200,1.44
20140239,920,1.4
20140240,4400,1.36
20140241,2510,1.32
20140242,1400,1.28
20140243,4500,1.24
20140244,3200,1.2
20140245,4500,1.16
20140246,810,1.12
20140247,2520,1.08
20140248,1200,1.04
20140249,2510,1.0
20140250,2510,0.96
20140251,1200,0.92
20140252,920,0.88
20140253,200,0.84
20140254,1200,0.8
20140255,200,0.76
20140256,2120,0.72
20150001,4900,3000.0
20150002,2100,2600.0
20150003,2250,2200.0
20150004,2520,1800.0
20150005,5110,1700.0
20150006,3430,1600.0
20150007,810,1500.0
20150008,200,1400.0
20150009,3410,1350.0
20150010,2510,1300.0
20150011,3000,1250.0
20150012,1050,1200.0
20150013,3300,1150.0
20150014,2700,1100.0
20150015,4400,1050.0
20150016,2120,1000.0
20150017,4500,950.0
20150018,2310,900.0
20150019,1050,875.0
20150020,3700,850.0
20150021,920,800.0
20150022,3900,780.0
20150023,1400,760.0
20150024,3800,740.0
20150025,750,720.0
20150026,325,700.0
20150027,1200,680.0
20150028,1540,660.0
20150029,2200,640.0
20150030,1800,620.0
20150031,3300,600.0
20150032,3200,590.0
20150033,3410,580.0
20150034,4900,560.0
20150035,2520,550.0
20150036,2250,540.0
20150037,3430,530.0
20150038,5110,520.0
20150039,810,510.0
20150040,2100,500.0
20150041,750,490.0
20150042,200,480.0
20150043,2120,470.0
20150044,3300,460.0
20150045,3000,450.0
20150046,4500,440.0
20150047,3700,430.0
20150048,4400,420.0
20150049,2310,410.0
20150050,610,400.0
20150051,1050,390.0
20150052,2700,380.0
20150053,920,370.0
20150054,1540,360.0
20150055,325,350.0
20150056,3900,340.0
20150057,2510,330.0
20150058,3800,320.0
20150059,1400,310.0
20150060,1200,300.0
20150061,4900,292.0
20150062,1800,284.0
20150063,4600,276.0
20150064,3200,270.0
20150065,2200,265.0
20150066,2100,260.0
20150067,2250,255.0
20150068,2520,250.0
20150069,4600,245.0
20150070,2120,240.0
20150071,810,235.0
20150072,2510,230.0
20150073,200,225.0
20150074,3410,220.0
20150075,3300,215.0
20150076,2310,210.0
20150077,1050,205.0
20150078,3300,200.0
20150079,4500,195.0
20150080,1540,190.0
20150081,610,185.0
20150082,3430,180.0
20150083,4400,175.0
20150084,3700,170.0
20150085,920,165.0
20150086,3800,160.0
20150087,3900,155.0
20150088,3000,150.0
20150089,2510,145.0
20150090,325,140.0
20150091,1200,136.0
20150092,1400,132.0
20150093,2200,128.0
20150094,1800,124.0
20150095,5110,120.0
20150096,1050,116.0
20150097,3200,112.0
20150098,2310,108.0
20150099,920,104.0
20150100,2100,100.0
20150101,3200,96.0
20150102,750,92.0
20150103,3430,88.0
20150104,2250,86.0
20150105,5110,84.0
20150106,810,82.0
20150107,200,80.0
20150108,2100,78.0
20150109,2200,76.0
20150110,3000,74.0
20150111,3200,72.0
20150112,5110,70.0
20150113,1540,68.0
20150114,2700,66.0
20150115,1050,64.0
20150116,3800,62.0
20150117,4500,60.0
20150118,2310,58.0
20150119,2510,56.0
20150120,920,54.0
20150121,3900,52.0
20150122,325,50.0
20150123,1050,49.0
20150124,4900,48.0
20150125,325,47.0
20150126,4500,46.0
20150127,1200,45.0
20150128,2520,44.0
20150129,1800,43.0
20150130,4600,42.0
20150131,3200,41.0
20150132,4500,40.0
20150133,1400,39.5
20150134,4600,39.0
20150135,920,38.5
20150136,325,38.0
20150137,200,37.5
20150138,2100,37.0
20150139,2250,36.5
20150140,2520,36.0
20150141,5110,35.5
20150142,810,35.0
20150143,3000,34.5
20150144,3410,34.0
20150145,2700,33.5
20150146,3000,33.0
20150147,1800,32.6
20150148,3300,32.2
20150149,2700,31.8
20150150,2700,31.4
20150151,2200,31.0
20150152,3430,30.6
20150153,4400,30.2
20150154,3300,29.8
20150155,610,29.4
20150156,2700,29.0
20150157,920,28.6
20150158,3800,28.2
20150159,3800,27.8
20150160,3900,27.4
20150161,2520,27.0
20150162,4900,26.6
20150163,1200,26.2
20150164,1400,25.8
20150165,4500,25.4
20150166,3200,25.0
20150167,3300,24.6
20150168,1540,24.2
20150169,750,23.8
20150170,4600,23.4
20150171,325,23.0
20150172,2310,22.6
20150173,2310,22.2
20150174,750,21.8
20150175,2120,21.4
20150176,325,21.0
20150177,2100,20.6
20150178,3200,20.2
20150179,2520,19.8
20150180,2250,19.4
20150181,5110,19.0
20150182,5110,18.6
20150183,810,18.2
20150184,4900,17.8
20150185,3000,17.4
20150186,3410,17.0
20150187,5110,16.6
20150188,610,16.2
20150189,1050,15.8
20150190,4500,15.4
20150191,3700,15.0
20150192,4400,14.6
20150193,3000,14.2
20150194,610,13.8
20150195,1050,13.4
20150196,3700,13.0
20150197,920,12.6
20150198,1050,12.2
20150199,3900,11.8
20150200,1540,11.4
20150201,2510,11.0
20150202,3200,10.6
20150203,1400,10.2
20150204,325,9.8
20150205,2200,9.4
20150206,1800,9.0
20150207,2200,8.6
20150208,2100,8.2
20150209,4600,7.8
20150210,1800,7.4
20150211,2120,7.0
20150212,3900,6.6
20150213,1800,6.2
20150214,4600,5.8
20150215,2510,5.4
20150216,2120,5.0
20150217,2310,4.6
20150218,2520,4.2
20150219,1050,3.8
20150220,2250,3.4
20150221,2520,3.0
20150222,5110,2.6
20150223,3430,2.3
20150224,2510,2.0
20150225,200,1.96
20150226,3410,1.92
20150227,2510,1.88
20150228,3000,1.84
20150229,2250,1.8
20150230,3300,1.76
20150231,4900,1.72
20150232,3000,1.68
20150233,2310,1.64
20150234,610,1.6
20150235,2120,1.56
20150236,1200,1.52
20150237,3700,1.48
20150238,920,1.44
20150239,3900,1.4
20150240,1540,1.36
20150241,1050,1.32
20150242,2520,1.28
20150243,1200,1.24
20150244,4500,1.2
20150245,2100,1.16
20150246,1200,1.12
20150247,3200,1.08
20150248,4600,1.04
20150249,200,1.0
20150250,1400,0.96
20150251,1400,0.92
20150252,1400,0.88
20150253,3200,0.84
20150254,4500,0.8
20150255,2200,0.76
20150256,3800,0.72
20160001,2510,3000.0
20160002,3700,2600.0
20160003,4400,2200.0
20160004,1200,1800.0
20160005,2250,1700.0
20160006,325,1600.0
20160007,4500,1500.0
20160008,2100,1400.0
20160009,810,1350.0
20160010,3410,1300.0
20160011,4900,1250.0
20160012,3300,1200.0
20160013,2700,1150.0
20160014,2520,1100.0
20160015,1050,1050.0
20160016,1540,1000.0
20160017,200,950.0
20160018,2200,900.0
20160019,610,875.0
20160020,3430,850.0
20160021,2120,800.0
20160022,5110,780.0
20160023,3000,760.0
20160024,920,740.0
20160025,3900,720.0
20160026,1400,700.0
20160027,1800,680.0
20160028,4500,660.0
20160029,3800,640.0
20160030,750,620.0
20160031,4600,600.0
20160032,1050,590.0
20160033,2100,580.0
20160034,1200,560.0
20160035,4400,550.0
20160036,2250,540.0
20160037,2310,530.0
20160038,2700,520.0
20160039,4900,510.0
20160040,3410,500.0
20160041,610,490.0
20160042,325,480.0
20160043,2100,470.0
20160044,2520,460.0
20160045,2100,450.0
20160046,1540,440.0
20160047,3300,430.0
20160048,1800,420.0
20160049,4600,410.0
20160050,2120,400.0
20160051,3430,390.0
20160052,200,380.0
20160053,5110,370.0
20160054,3000,360.0
20160055,920,350.0
20160056,810,340.0
20160057,2200,330.0
20160058,3900,320.0
20160059,4900,310.0
20160060,3200,300.0
20160061,3300,292.0
20160062,750,284.0
20160063,1400,276.0
20160064,2100,270.0
20160065,1050,265.0
20160066,4400,260.0
20160067,1200,255.0
20160068,4500,250.0
20160069,2250,245.0
20160070,325,240.0
20160071,3410,235.0
20160072,810,230.0
20160073,2700,225.0
20160074,2310,220.0
20160075,2520,215.0
20160076,1050,210.0
20160077,750,205.0
20160078,3200,200.0
20160079,3700,195.0
20160080,610,190.0
20160081,200,185.0
20160082,2200,180.0
20160083,3430,175.0
20160084,5110,170.0
20160085,2120,165.0
20160086,2700,160.0
20160087,920,155.0
20160088,1800,150.0
20160089,3900,145.0
20160090,4600,140.0
20160091,3200,136.0
20160092,3800,132.0
20160093,1050,128.0
20160094,4600,124.0
20160095,1540,120.0
20160096,3200,116.0
20160097,4600,112.0
20160098,1400,108.0
20160099,1050,104.0
20160100,2520,100.0
20160101,1200,96.0
20160102,4400,92.0
20160103,2250,88.0
20160104,325,86.0
20160105,2310,84.0
20160106,2310,82.0
20160107,325,80.0
20160108,4900,78.0
20160109,3410,76.0
20160110,2510,74.0
20160111,1540,72.0
20160112,3200,70.0
20160113,810,68.0
20160114,1050,66.0
20160115,200,64.0
20160116,2200,62.0
20160117,2510,60.0
20160118,3430,58.0
20160119,2120,56.0
20160120,3300,54.0
20160121,3000,52.0
20160122,920,50.0
20160123,3900,49.0
20160124,810,48.0
20160125,2200,47.0
20160126,2310,46.0
20160127,810,45.0
20160128,3800,44.0
20160129,1050,43.0
20160130,325,42.0
20160131,1800,41.0
20160132,325,40.0
20160133,4500,39.5
20160134,325,39.0
20160135,1200,38.5
20160136,1400,38.0
20160137,1800,37.5
20160138,1050,37.0
20160139,610,36.5
20160140,2100,36.0
20160141,750,35.5
20160142,4500,35.0
20160143,2520,34.5
20160144,1400,34.0
20160145,4500,33.5
20160146,325,33.0
20160147,4600,32.6
20160148,4900,32.2
20160149,3410,31.8
20160150,810,31.4
20160151,1540,31.0
20160152,5110,30.6
20160153,3700,30.2
20160154,1050,29.8
20160155,2200,29.4
20160156,610,29.0
20160157,2100,28.6
20160158,3430,28.2
20160159,2120,27.8
20160160,3000,27.4
20160161,920,27.0
20160162,2310,26.6
20160163,1800,26.2
20160164,3700,25.8
20160165,2310,25.4
20160166,2120,25.0
20160167,3800,24.6
20160168,1050,24.2
20160169,1540,23.8
20160170,3800,23.4
20160171,4600,23.0
20160172,1050,22.6
20160173,1050,22.2
20160174,4500,21.8
20160175,4400,21.4
20160176,1400,21.0
20160177,2510,20.6
20160178,2310,20.2
20160179,4400,19.8
20160180,3000,19.4
20160181,2250,19.0
20160182,325,18.6
20160183,4900,18.2
20160184,3410,17.8
20160185,810,17.4
20160186,2700,17.0
20160187,5110,16.6
20160188,3000,16.2
20160189,1200,15.8
20160190,2510,15.4
20160191,1540,15.0
20160192,610,14.6
20160193,2100,14.2
20160194,2520,13.8
20160195,200,13.4
20160196,3700,13.0
20160197,4900,12.6
20160198,4400,12.2
20160199,920,11.8
20160200,1800,11.4
20160201,2250,11.0
20160202,1540,10.6
20160203,2310,10.2
20160204,2700,9.8
20160205,3800,9.4
20160206,2510,9.0
20160207,4500,8.6
20160208,3200,8.2
20160209,325,7.8
20160210,1540,7.4
20160211,4500,7.0
20160212,1200,6.6
20160213,4500,6.2
20160214,3200,5.8
20160215,4600,5.4
20160216,1200,5.0
20160217,1200,4.6
20160218,610,4.2
20160219,1400,3.8
20160220,3900,3.4
20160221,3200,3.0
20160222,2100,2.6
20160223,2700,2.3
20160224,4400,2.0
20160225,3200,1.96
20160226,2250,1.92
20160227,3000,1.88
20160228,1400,1.84
20160229,3900,1.8
20160230,810,1.76
20160231,2700,1.72
20160232,5110,1.68
20160233,3700,1.64
20160234,2520,1.6
20160235,3430,1.56
20160236,1540,1.52
20160237,3300,1.48
20160238,200,1.44
20160239,2200,1.4
20160240,3700,1.36
20160241,3430,1.32
20160242,5110,1.28
20160243,4600,1.24
20160244,3000,1.2
20160245,920,1.16
20160246,3900,1.12
20160247,4600,1.08
20160248,2200,1.04
20160249,4500,1.0
20160250,1050,0.96
20160251,3700,0.92
20160252,750,0.88
20160253,2100,0.84
20170001,1050,3000.0
20170002,810,2600.0
20170003,4500,2200.0
20170004,2250,1800.0
20170005,2100,1700.0
20170006,3430,1600.0
20170007,4400,1500.0
20170008,750,1400.0
20170009,920,1350.0
20170010,2310,1300.0
20170011,3300,1250.0
20170012,2120,1200.0
20170013,3800,1150.0
20170014,3700,1100.0
20170015,2200,1050.0
20170016,325,1000.0
20170017,5110,950.0
20170018,2100,900.0
20170019,4900,875.0
20170020,1400,850.0
20170021,1540,800.0
20170022,2700,780.0
20170023,3410,760.0
20170024,2520,740.0
20170025,1050,720.0
20170026,200,700.0
20170027,610,680.0
20170028,1200,660.0
20170029,1050,640.0
20170030,3900,620.0
20170031,4500,600.0
20170032,3300,590.0
20170033,1800,580.0
20170034,2250,560.0
20170035,4600,550.0
20170036,3800,540.0
20170037,610,530.0
20170038,4400,520.0
20170039,3430,510.0
20170040,750,500.0
20170041,3000,490.0
20170042,3300,480.0
20170043,3700,470.0
20170044,2510,460.0
20170045,810,450.0
20170046,2200,440.0
20170047,325,430.0
20170048,920,420.0
20170049,5110,410.0
20170050,4900,400.0
20170051,1400,390.0
20170052,1050,380.0
20170053,1540,370.0
20170054,2700,360.0
20170055,3410,350.0
20170056,2520,340.0
20170057,2120,330.0
20170058,4600,320.0
20170059,2310,310.0
20170060,1200,300.0
20170061,1800,292.0
20170062,3900,284.0
20170063,610,276.0
20170064,750,270.0
20170065,1050,265.0
20170066,4500,260.0
20170067,3300,255.0
20170068,2250,250.0
20170069,2510,245.0
20170070,3000,240.0
20170071,4400,235.0
20170072,2100,230.0
20170073,920,225.0
20170074,325,220.0
20170075,200,215.0
20170076,3300,210.0
20170077,750,205.0
20170078,325,200.0
20170079,3430,195.0
20170080,2200,190.0
20170081,5110,185.0
20170082,1400,180.0
20170083,3200,175.0
20170084,4900,170.0
20170085,3200,165.0
20170086,2310,160.0
20170087,3410,155.0
20170088,2520,150.0
20170089,2120,145.0
20170090,4600,140.0
20170091,2510,136.0
20170092,1200,132.0
20170093,1800,128.0
20170094,3900,124.0
20170095,4600,120.0
20170096,1540,116.0
20170097,2700,112.0
20170098,3800,108.0
20170099,3700,104.0
20170100,2100,100.0
20170101,1400,96.0
20170102,4600,92.0
20170103,3300,88.0
20170104,4500,86.0
20170105,3900,84.0
20170106,4600,82.0
20170107,4900,80.0
20170108,1800,78.0
20170109,3000,76.0
20170110,2250,74.0
20170111,4600,72.0
20170112,810,70.0
20170113,4400,68.0
20170114,5110,66.0
20170115,3800,64.0
20170116,920,62.0
20170117,2510,60.0
20170118,3700,58.0
20170119,810,56.0
20170120,3000,54.0
20170121,4500,52.0
20170122,325,50.0
20170123,5110,49.0
20170124,1540,48.0
20170125,2510,47.0
20170126,1050,46.0
20170127,1540,45.0
20170128,920,44.0
20170129,2520,43.0
20170130,2120,42.0
20170131,3200,41.0
20170132,3700,40.0
20170133,1200,39.5
20170134,1800,39.0
20170135,3900,38.5
20170136,200,38.0
20170137,2200,37.5
20170138,920,37.0
20170139,2310,36.5
20170140,3410,36.0
20170141,3430,35.5
20170142,2120,35.0
20170143,2200,34.5
20170144,2200,34.0
20170145,1400,33.5
20170146,4500,33.0
20170147,810,32.6
20170148,2250,32.2
20170149,200,31.8
20170150,3430,31.4
20170151,4400,31.0
20170152,750,30.6
20170153,920,30.2
20170154,5110,29.8
20170155,2100,29.4
20170156,200,29.0
20170157,3800,28.6
20170158,2200,28.2
20170159,325,27.8
20170160,1050,27.4
20170161,2200,27.0
20170162,4900,26.6
20170163,610,26.2
20170164,2700,25.8
20170165,1540,25.4
20170166,3700,25.0
20170167,3410,24.6
20170168,2520,24.2
20170169,2120,23.8
20170170,3000,23.4
20170171,610,23.0
20170172,1400,22.6
20170173,3900,22.2
20170174,200,21.8
20170175,1800,21.4
20170176,920,21.0
20170177,4500,20.6
20170178,2700,20.2
20170179,3800,19.8
20170180,3000,19.4
20170181,3430,19.0
20170182,1800,18.6
20170183,2310,18.2
20170184,3700,17.8
20170185,1050,17.4
20170186,325,17.0
20170187,4600,16.6
20170188,3430,16.2
20170189,2510,15.8
20170190,4400,15.4
20170191,1200,15.0
20170192,750,14.6
20170193,920,14.2
20170194,2700,13.8
20170195,610,13.4
20170196,3300,13.0
20170197,3430,12.6
20170198,4500,12.2
20170199,5110,11.8
20170200,3410,11.4
20170201,3000,11.0
20170202,4500,10.6
20170203,1400,10.2
20170204,3430,9.8
20170205,1540,9.4
20170206,2510,9.0
20170207,920,8.6
20170208,3800,8.2
20170209,5110,7.8
20170210,4600,7.4
20170211,3200,7.0
20170212,1800,6.6
20170213,3900,6.2
20170214,3700,5.8
20170215,1540,5.4
20170216,1200,5.0
20170217,2100,4.6
20170218,2310,4.2
20170219,3000,3.8
20170220,3000,3.4
20170221,2520,3.0
20170222,2250,2.6
20170223,4900,2.3
20170224,1050,2.0
20170225,4400,1.96
20170226,4600,1.92
20170227,2100,1.88
20170228,1200,1.84
20170229,4500,1.8
20170230,5110,1.76
20170231,2520,1.72
20170232,3000,1.68
20170233,750,1.64
20170234,2510,1.6
20170235,5110,1.56
20170236,2100,1.52
20170237,2700,1.48
20170238,1800,1.44
20170239,1200,1.4
20170240,2250,1.36
20170241,2100,1.32
20170242,2520,1.28
20170243,2120,1.24
20170244,2520,1.2
20170245,3000,1.16
20170246,1200,1.12
20170247,1800,1.08
20170248,3900,1.04
20170249,4600,1.0
20170250,1540,0.96
20170251,920,0.92
20170252,1050,0.88
20170253,1400,0.84
20180001,1050,3000.0
20180002,3410,2600.0
20180003,3430,2200.0
20180004,1050,1800.0
20180005,1400,1700.0
20180006,610,1600.0
20180007,4900,1500.0
20180008,810,1400.0
20180009,4500,1350.0
20180010,2520,1300.0
20180011,2700,1250.0
20180012,4900,1200.0
20180013,5110,1150.0
20180014,3300,1100.0
20180015,2520,1050.0
20180016,610,1000.0
20180017,4400,950.0
20180018,1800,900.0
20180019,1200,875.0
20180020,1540,850.0
20180021,920,800.0
20180022,2100,780.0
20180023,3200,760.0
20180024,750,740.0
20180025,325,720.0
20180026,200,700.0
20180027,4600,680.0
20180028,3900,660.0
20180029,2250,640.0
20180030,3000,620.0
20180031,3200,600.0
20180032,325,590.0
20180033,1050,580.0
20180034,3410,560.0
20180035,1050,550.0
20180036,2200,540.0
20180037,2200,530.0
20180038,4900,520.0
20180039,810,510.0
20180040,1400,500.0
20180041,2100,490.0
20180042,2700,480.0
20180043,1540,470.0
20180044,5110,460.0
20180045,1800,450.0
20180046,2310,440.0
20180047,3800,430.0
20180048,4400,420.0
20180049,3700,410.0
20180050,1200,400.0
20180051,810,390.0
20180052,2200,380.0
20180053,4900,370.0
20180054,920,360.0
20180055,750,350.0
20180056,3200,340.0
20180057,2520,330.0
20180058,200,320.0
20180059,5110,310.0
20180060,3900,300.0
20180061,2250,292.0
20180062,3000,284.0
20180063,4900,276.0
20180064,2200,270.0
20180065,2520,265.0
20180066,3410,260.0
20180067,1050,255.0
20180068,2120,250.0
20180069,3410,245.0
20180070,4500,240.0
20180071,1400,235.0
20180072,3430,230.0
20180073,2700,225.0
20180074,5110,220.0
20180075,2310,215.0
20180076,3900,210.0
20180077,920,205.0
20180078,920,200.0
20180079,4600,195.0
20180080,2120,190.0
20180081,1200,185.0
20180082,1540,180.0
20180083,325,175.0
20180084,4400,170.0
20180085,750,165.0
20180086,2310,160.0
20180087,2520,155.0
20180088,1800,150.0
20180089,2510,145.0
20180090,200,140.0
20180091,3300,136.0
20180092,3900,132.0
20180093,2250,128.0
20180094,4900,124.0
20180095,4500,120.0
20180096,610,116.0
20180097,3800,112.0
20180098,2120,108.0
20180099,1400,104.0
20180100,2310,100.0
20180101,750,96.0
20180102,3000,92.0
20180103,2120,88.0
20180104,2200,86.0
20180105,1050,84.0
20180106,1400,82.0
20180107,3430,80.0
20180108,3410,78.0
20180109,5110,76.0
20180110,2520,74.0
20180111,2510,72.0
20180112,920,70.0
20180113,1400,68.0
20180114,1540,66.0
20180115,810,64.0
20180116,1200,62.0
20180117,4900,60.0
20180118,325,58.0
20180119,4400,56.0
20180120,4600,54.0
20180121,610,52.0
20180122,325,50.0
20180123,2700,49.0
20180124,2310,48.0
20180125,3700,47.0
20180126,200,46.0
20180127,3300,45.0
20180128,4500,44.0
20180129,2250,43.0
20180130,3700,42.0
20180131,2700,41.0
20180132,325,40.0
20180133,1800,39.5
20180134,3800,39.0
20180135,2510,38.5
20180136,750,38.0
20180137,1200,37.5
20180138,1800,37.0
20180139,3410,36.5
20180140,2520,36.0
20180141,4600,35.5
20180142,4500,35.0
20180143,3200,34.5
20180144,4900,34.0
20180145,810,33.5
20180146,4600,33.0
20180147,2510,32.6
20180148,3900,32.2
20180149,4600,31.8
20180150,1050,31.4
20180151,920,31.0
20180152,2100,30.6
20180153,1540,30.2
20180154,610,29.8
20180155,4400,29.4
20180156,1400,29.0
20180157,3000,28.6
20180158,920,28.2
20180159,2200,27.8
20180160,2510,27.4
20180161,750,27.0
20180162,325,26.6
20180163,5110,26.2
20180164,3300,25.8
20180165,3900,25.4
20180166,610,25.0
20180167,3000,24.6
20180168,4600,24.2
20180169,2200,23.8
20180170,920,23.4
20180171,1200,23.0
20180172,1800,22.6
20180173,2520,22.2
20180174,1800,21.8
20180175,1050,21.4
20180176,2510,21.0
20180177,2120,20.6
20180178,3200,20.2
20180179,3430,19.8
20180180,3430,19.4
20180181,810,19.0
20180182,3800,18.6
20180183,1400,18.2
20180184,4500,17.8
20180185,2200,17.4
20180186,4600,17.0
20180187,610,16.6
20180188,1050,16.2
20180189,3300,15.8
20180190,325,15.4
20180191,4400,15.0
20180192,2510,14.6
20180193,1200,14.2
20180194,200,13.8
20180195,2510,13.4
20180196,2310,13.0
20180197,5110,12.6
20180198,2310,12.2
20180199,2100,11.8
20180200,200,11.4
20180201,3300,11.0
20180202,4900,10.6
20180203,2250,10.2
20180204,3430,9.8
20180205,2510,9.4
20180206,3700,9.0
20180207,1800,8.6
20180208,1200,8.2
20180209,2700,7.8
20180210,3200,7.4
20180211,2120,7.0
20180212,325,6.6
20180213,3000,6.2
20180214,2120,5.8
20180215,325,5.4
20180216,2520,5.0
20180217,1400,4.6
20180218,3000,4.2
20180219,3200,3.8
20180220,4600,3.4
20180221,2200,3.0
20180222,2120,2.6
20180223,4500,2.3
20180224,810,2.0
20180225,3000,1.96
20180226,1400,1.92
20180227,2700,1.88
20180228,2520,1.84
20180229,2700,1.8
20180230,2250,1.76
20180231,2510,1.72
20180232,1800,1.68
20180233,3700,1.64
20180234,750,1.6
20180235,2200,1.56
20180236,1200,1.52
20180237,1540,1.48
20180238,325,1.44
20180239,1800,1.4
20180240,4500,1.36
20180241,5110,1.32
20180242,750,1.28
20180243,3200,1.24
20180244,2510,1.2
20180245,3300,1.16
20180246,3900,1.12
20180247,2250,1.08
20180248,1800,1.04
20180249,920,1.0
20180250,3200,0.96
20180251,4400,0.92
20180252,920,0.88
20180253,920,0.84
20180254,3800,0.8
20180255,610,0.76
20180256,200,0.72
20190001,3800,3000.0
20190002,4500,2600.0
20190003,3430,2200.0
20190004,2520,1800.0
20190005,4900,1700.0
20190006,3410,1600.0
20190007,2250,1500.0
20190008,1540,1400.0
20190009,610,1350.0
20190010,3900,1300.0
20190011,920,1250.0
20190012,1800,1200.0
20190013,2700,1150.0
20190014,200,1100.0
20190015,5110,1050.0
20190016,750,1000.0
20190017,3410,950.0
20190018,3000,900.0
20190019,2100,875.0
20190020,1400,850.0
20190021,1800,800.0
20190022,3700,780.0
20190023,2100,760.0
20190024,2520,740.0
20190025,325,720.0
20190026,5110,700.0
20190027,2520,680.0
20190028,4400,660.0
20190029,4600,640.0
20190030,3410,620.0
20190031,200,600.0
20190032,3200,590.0
20190033,3800,580.0
20190034,2200,560.0
20190035,2250,550.0
20190036,4500,540.0
20190037,750,530.0
20190038,610,520.0
20190039,4900,510.0
20190040,2520,500.0
20190041,1400,490.0
20190042,1400,480.0
20190043,1540,470.0
20190044,1800,460.0
20190045,3200,450.0
20190046,1050,440.0
20190047,4600,430.0
20190048,3300,420.0
20190049,2200,410.0
20190050,3000,400.0
20190051,2100,390.0
20190052,920,380.0
20190053,3700,370.0
20190054,2100,360.0
20190055,2100,350.0
20190056,2310,340.0
20190057,3700,330.0
20190058,1200,320.0
20190059,2200,310.0
20190060,4400,300.0
20190061,2520,292.0
20190062,3800,284.0
20190063,2310,276.0
20190064,4600,270.0
20190065,3800,265.0
20190066,3900,260.0
20190067,4500,255.0
20190068,3430,250.0
20190069,2250,245.0
20190070,2520,240.0
20190071,1400,235.0
20190072,920,230.0
20190073,810,225.0
20190074,610,220.0
20190075,1800,215.0
20190076,5110,210.0
20190077,3200,205.0
20190078,2700,200.0
20190079,2520,195.0
20190080,1050,190.0
20190081,1540,185.0
20190082,2100,180.0
20190083,3900,175.0
20190084,2310,170.0
20190085,325,165.0
20190086,2100,160.0
20190087,3200,155.0
20190088,4600,150.0
20190089,2200,145.0
20190090,1200,140.0
20190091,4400,136.0
20190092,3430,132.0
20190093,325,128.0
20190094,4900,124.0
20190095,3410,120.0
20190096,610,116.0
20190097,2520,112.0
20190098,2250,108.0
20190099,4900,104.0
20190099,4900,104.0
20190099,4900,104.0
20190099,4900,104.0
20190099,4900,104.0
20190099,4900,104.0
20190099,4900,104.0
20190099,4900,104.0
20190100,750,100.0
20190101,3200,96.0
20190102,3000,92.0
20190103,3800,88.0
20190104,920,86.0
20190105,3430,84.0
20190106,2520,82.0
20190107,4900,80.0
20190108,3410,78.0
20190109,2200,76.0
20190110,4500,74.0
20190111,200,72.0
20190112,5110,70.0
20190113,325,68.0
20190114,3000,66.0
20190115,750,64.0
20190116,2100,62.0
20190117,1540,60.0
20190118,3200,58.0
20190119,1050,56.0
20190120,4600,54.0
20190121,2100,52.0
20190122,3900,50.0
20190123,325,49.0
20190124,4600,48.0
20190125,920,47.0
20190126,810,46.0
20190127,325,45.0
20190128,1200,44.0
20190129,2520,43.0
20190130,4400,42.0
20190131,5110,41.0
20190132,4600,40.0
20190133,3200,39.5
20190134,2520,39.0
20190135,200,38.5
20190136,920,38.0
20190137,2520,37.5
20190138,3700,37.0
20190139,3800,36.5
20190140,2250,36.0
20190141,3900,35.5
20190142,4600,35.0
20190143,3410,34.5
20190144,2200,34.0
20190145,4900,33.5
20190146,1540,33.0
20190147,610,32.6
20190148,4500,32.2
20190149,2520,31.8
20190150,1800,31.4
20190151,2700,31.0
20190152,200,30.6
20190153,5110,30.2
20190154,750,29.8
20190155,1050,29.4
20190156,1400,29.0
20190157,3430,28.6
20190158,1200,28.2
20190159,3200,27.8
20190160,325,27.4
20190161,2100,27.0
20190162,3000,26.6
20190163,3200,26.2
20190164,2200,25.8
20190165,1200,25.4
20190166,4400,25.0
20190167,3700,24.6
20190168,2100,24.2
20190169,2520,23.8
20190170,1050,23.4
20190171,3410,23.0
20190172,200,22.6
20190173,5110,22.2
20190174,3800,21.8
20190175,3900,21.4
20190176,4500,21.0
20190177,3300,20.6
20190178,2250,20.2
20190179,3800,19.8
20190180,3410,19.4
20190181,610,19.0
20190182,920,18.6
20190183,4500,18.2
20190184,1540,17.8
20190185,1800,17.4
20190186,1540,17.0
20190187,1400,16.6
20190188,2100,16.2
20190189,1050,15.8
20190190,3000,15.4
20190191,3000,15.0
20190192,3900,14.6
20190193,3000,14.2
20190194,1800,13.8
20190195,2100,13.4
20190196,3430,13.0
20190197,325,12.6
20190198,4500,12.2
20190199,2200,11.8
20190200,4400,11.4
20190201,2310,11.0
20190202,2700,10.6
20190203,200,10.2
20190204,4600,9.8
20190205,810,9.4
20190206,5110,9.0
20190207,3900,8.6
20190208,4900,8.2
20190209,4600,7.8
20190210,920,7.4
20190211,920,7.0
20190212,750,6.6
20190213,1200,6.2
20190214,2310,5.8
20190215,4900,5.4
20190216,2310,5.0
20190217,3000,4.6
20190218,1200,4.2
20190219,3900,3.8
20190220,2100,3.4
20190221,1050,3.0
20190222,810,2.6
20190223,920,2.3
20190224,1540,2.0
20190225,610,1.96
20190226,1800,1.92
20190227,5110,1.88
20190228,610,1.84
20190229,1540,1.8
20190230,2520,1.76
20190231,3300,1.72
20190232,3410,1.68
20190233,2700,1.64
20190234,2700,1.6
20190235,2250,1.56
20190236,4600,1.52
20190237,750,1.48
20190238,810,1.44
20190239,3000,1.4
20190240,2200,1.36
20190241,1200,1.32
20190242,4400,1.28
20190243,2520,1.24
20190244,3300,1.2
20190245,3410,1.16
20190246,2200,1.12
20190247,3000,1.08
20190248,3800,1.04
20190249,3800,1.0
20190250,3000,0.96
20190251,2520,0.92
20190252,3200,0.88
20190253,5110,0.84
20190254,3800,0.8
