gameId,season,gameDate,homeTeamId,visitorTeamId,seasonType,winningTeam
55504,2012,2012-09-05,3410,1200,REG,1200
55508,2012,2012-09-09,2120,2700,REG,2120
55509,2012,2012-09-09,2310,200,REG,200
55510,2012,2012-09-09,3000,2250,REG,3000
55505,2012,2012-09-09,810,2200,REG,810
55506,2012,2012-09-09,1050,3700,REG,3700
55507,2012,2012-09-09,1540,2510,REG,1540
55511,2012,2012-09-09,3300,5110,REG,5110
55515,2012,2012-09-09,1800,4500,REG,4500
55516,2012,2012-09-09,4900,750,REG,4900
55517,2012,2012-09-09,1400,3900,REG,1400
55512,2012,2012-09-09,3430,610,REG,3430
55513,2012,2012-09-09,2100,3200,REG,3200
55514,2012,2012-09-09,3800,4600,REG,3800
55518,2012,2012-09-10,325,920,REG,325
55519,2012,2012-09-10,2520,4400,REG,4400
55520,2012,2012-09-13,1800,810,REG,1800
55525,2012,2012-09-16,2250,2120,REG,2120
55526,2012,2012-09-16,3200,3800,REG,3800
55527,2012,2012-09-16,3410,4900,REG,3410
55524,2012,2012-09-16,2200,3000,REG,2200
55521,2012,2012-09-16,610,2310,REG,610
55522,2012,2012-09-16,750,3300,REG,750
55523,2012,2012-09-16,920,1050,REG,920
55532,2012,2012-09-16,3900,3430,REG,3900
55533,2012,2012-09-16,4400,2100,REG,4400
55534,2012,2012-09-16,4500,1540,REG,4500
55531,2012,2012-09-16,2700,2520,REG,2700
55528,2012,2012-09-16,3700,325,REG,3700
55529,2012,2012-09-16,2510,5110,REG,2510
55530,2012,2012-09-16,4600,1200,REG,4600
55535,2012,2012-09-17,200,1400,REG,200
55536,2012,2012-09-20,750,3410,REG,3410
55541,2012,2012-09-23,2700,3430,REG,3430
55542,2012,2012-09-23,3000,4500,REG,3000
55543,2012,2012-09-23,3300,2310,REG,2310
55540,2012,2012-09-23,2200,2250,REG,2250
55537,2012,2012-09-23,810,2510,REG,810
55538,2012,2012-09-23,1050,610,REG,610
55539,2012,2012-09-23,1200,4900,REG,1200
55548,2012,2012-09-23,1400,2120,REG,2120
55549,2012,2012-09-23,2520,3900,REG,2520
55550,2012,2012-09-23,325,3200,REG,325
55547,2012,2012-09-23,4400,200,REG,200
55544,2012,2012-09-23,2100,1540,REG,2100
55545,2012,2012-09-23,5110,920,REG,920
55546,2012,2012-09-23,3800,3700,REG,3800
55551,2012,2012-09-24,4600,1800,REG,4600
55552,2012,2012-09-27,325,1050,REG,325
55556,2012,2012-09-30,2120,2100,REG,2120
55557,2012,2012-09-30,2250,920,REG,920
55558,2012,2012-09-30,2310,4400,REG,4400
55553,2012,2012-09-30,200,750,REG,200
55554,2012,2012-09-30,610,3200,REG,3200
55555,2012,2012-09-30,1540,3000,REG,3000
55559,2012,2012-09-30,3430,4500,REG,4500
55563,2012,2012-09-30,1400,2520,REG,1400
55564,2012,2012-09-30,1800,3300,REG,1800
55565,2012,2012-09-30,3700,3410,REG,3700
55560,2012,2012-09-30,2510,4600,REG,2510
55561,2012,2012-09-30,4900,5110,REG,5110
55562,2012,2012-09-30,3800,2700,REG,3800
55566,2012,2012-10-01,1200,810,REG,810
55567,2012,2012-10-04,2510,3800,REG,2510
55571,2012,2012-10-07,3000,2100,REG,3000
55572,2012,2012-10-07,3410,1050,REG,3410
55573,2012,2012-10-07,3900,3700,REG,3900
55568,2012,2012-10-07,920,2700,REG,2700
55569,2012,2012-10-07,2200,1800,REG,2200
55570,2012,2012-10-07,2310,325,REG,325
55577,2012,2012-10-07,3200,1400,REG,3200
55578,2012,2012-10-07,4500,610,REG,4500
55579,2012,2012-10-07,3300,4400,REG,3300
55574,2012,2012-10-07,5110,200,REG,200
55575,2012,2012-10-07,750,4600,REG,4600
55576,2012,2012-10-07,2250,810,REG,810
55580,2012,2012-10-08,3430,2120,REG,2120
55581,2012,2012-10-11,2100,3900,REG,2100
55585,2012,2012-10-14,2700,2510,REG,2700
55586,2012,2012-10-14,3430,2200,REG,3430
55587,2012,2012-10-14,3700,1540,REG,1540
55582,2012,2012-10-14,200,2520,REG,200
55583,2012,2012-10-14,325,1200,REG,325
55584,2012,2012-10-14,1050,920,REG,1050
55591,2012,2012-10-14,4500,3410,REG,3410
55592,2012,2012-10-14,5110,3000,REG,5110
55593,2012,2012-10-14,2120,1800,REG,1800
55588,2012,2012-10-14,4900,2310,REG,4900
55589,2012,2012-10-14,3800,610,REG,610
55590,2012,2012-10-14,4600,3200,REG,4600
55594,2012,2012-10-15,4400,1400,REG,1400
55595,2012,2012-10-18,4500,4600,REG,4500
55599,2012,2012-10-21,2200,1050,REG,2200
55600,2012,2012-10-21,3000,3800,REG,3000
55598,2012,2012-10-21,2120,325,REG,2120
55596,2012,2012-10-21,610,2100,REG,2100
55597,2012,2012-10-21,750,1200,REG,1200
55601,2012,2012-10-21,3410,5110,REG,3410
55605,2012,2012-10-21,2520,2250,REG,2520
55606,2012,2012-10-21,920,3900,REG,3900
55604,2012,2012-10-21,3200,3430,REG,3200
55602,2012,2012-10-21,2510,1800,REG,1800
55603,2012,2012-10-21,4900,3300,REG,3300
55607,2012,2012-10-22,810,1540,REG,810
55608,2012,2012-10-25,3000,4900,REG,4900
55612,2012,2012-10-28,1800,2250,REG,1800
55613,2012,2012-10-28,3430,2700,REG,2700
55614,2012,2012-10-28,3700,200,REG,200
55609,2012,2012-10-28,810,750,REG,810
55610,2012,2012-10-28,1050,4400,REG,1050
55611,2012,2012-10-28,1540,4600,REG,1540
55618,2012,2012-10-28,2310,2520,REG,2520
55619,2012,2012-10-28,1200,3410,REG,3410
55620,2012,2012-10-28,1400,3300,REG,1400
55615,2012,2012-10-28,3900,5110,REG,3900
55616,2012,2012-10-28,2510,3200,REG,3200
55617,2012,2012-10-28,2100,2200,REG,2200
55621,2012,2012-10-29,3800,4500,REG,4500
55622,2012,2012-11-01,4400,2310,REG,4400
55626,2012,2012-11-04,2120,610,REG,2120
55627,2012,2012-11-04,2200,2700,REG,2200
55628,2012,2012-11-04,2250,1540,REG,1540
55623,2012,2012-11-04,920,1400,REG,1400
55624,2012,2012-11-04,1050,325,REG,325
55625,2012,2012-11-04,1800,3800,REG,1800
55632,2012,2012-11-04,4600,3000,REG,4600
55633,2012,2012-11-04,3410,3900,REG,3900
55634,2012,2012-11-04,200,1200,REG,200
55629,2012,2012-11-04,2100,810,REG,810
55630,2012,2012-11-04,5110,750,REG,750
55631,2012,2012-11-04,2520,4900,REG,4900
55635,2012,2012-11-05,3300,3700,REG,3300
55636,2012,2012-11-08,2250,2200,REG,2200
55640,2012,2012-11-11,2700,2100,REG,2100
55641,2012,2012-11-11,3000,1540,REG,3000
55642,2012,2012-11-11,3200,610,REG,3200
55637,2012,2012-11-11,325,2520,REG,325
55638,2012,2012-11-11,750,1400,REG,1400
55639,2012,2012-11-11,920,3410,REG,920
55646,2012,2012-11-11,3700,1200,REG,1200
55647,2012,2012-11-11,4500,2510,REG,0
55648,2012,2012-11-11,810,2120,REG,2120
55643,2012,2012-11-11,3300,200,REG,3300
55644,2012,2012-11-11,4900,4400,REG,4900
55645,2012,2012-11-11,4600,3430,REG,4600
55649,2012,2012-11-12,3900,2310,REG,3900
55650,2012,2012-11-15,610,2700,REG,610
55654,2012,2012-11-18,1540,1800,REG,1800
55655,2012,2012-11-18,2120,2250,REG,2120
55656,2012,2012-11-18,2310,920,REG,920
55651,2012,2012-11-18,200,3800,REG,200
55652,2012,2012-11-18,750,4900,REG,4900
55653,2012,2012-11-18,1200,1050,REG,1200
55660,2012,2012-11-18,2520,3300,REG,3300
55661,2012,2012-11-18,1400,4400,REG,1400
55662,2012,2012-11-18,3900,325,REG,325
55657,2012,2012-11-18,3200,2200,REG,3200
55658,2012,2012-11-18,2510,3430,REG,3430
55659,2012,2012-11-18,5110,3700,REG,5110
55663,2012,2012-11-19,4500,810,REG,4500
55664,2012,2012-11-22,1540,2120,REG,2120
55665,2012,2012-11-22,1200,5110,REG,5110
55666,2012,2012-11-22,3430,3200,REG,3200
55670,2012,2012-11-25,2200,610,REG,2200
55671,2012,2012-11-25,2250,2100,REG,2250
55672,2012,2012-11-25,2310,1400,REG,1400
55667,2012,2012-11-25,810,3000,REG,810
55668,2012,2012-11-25,920,2520,REG,920
55669,2012,2012-11-25,1050,3900,REG,1050
55676,2012,2012-11-25,3800,2510,REG,2510
55677,2012,2012-11-25,3300,4500,REG,4500
55678,2012,2012-11-25,3410,1800,REG,3410
55673,2012,2012-11-25,2700,4600,REG,2700
55674,2012,2012-11-25,4900,200,REG,200
55675,2012,2012-11-25,4400,325,REG,325
55679,2012,2012-11-26,3700,750,REG,750
55680,2012,2012-11-29,200,3300,REG,200
55685,2012,2012-12-02,2310,750,REG,2310
55686,2012,2012-12-02,2700,3200,REG,3200
55687,2012,2012-12-02,3430,3800,REG,3430
55684,2012,2012-12-02,1800,3000,REG,1800
55681,2012,2012-12-02,610,2250,REG,610
55682,2012,2012-12-02,810,4600,REG,4600
55683,2012,2012-12-02,1540,2200,REG,2200
55692,2012,2012-12-02,2520,1050,REG,1050
55693,2012,2012-12-02,4400,920,REG,920
55694,2012,2012-12-02,1200,3700,REG,1200
55691,2012,2012-12-02,325,3900,REG,3900
55688,2012,2012-12-02,2510,4500,REG,2510
55689,2012,2012-12-02,2100,2120,REG,2120
55690,2012,2012-12-02,1400,4900,REG,1400
55695,2012,2012-12-03,5110,3410,REG,5110
55696,2012,2012-12-06,2520,1400,REG,1400
55701,2012,2012-12-09,2200,2100,REG,2200
55702,2012,2012-12-09,2250,3430,REG,3430
55703,2012,2012-12-09,3000,810,REG,3000
55700,2012,2012-12-09,1050,2310,REG,1050
55697,2012,2012-12-09,610,2510,REG,2510
55698,2012,2012-12-09,750,200,REG,750
55699,2012,2012-12-09,920,1200,REG,1200
55708,2012,2012-12-09,3410,3300,REG,3410
55709,2012,2012-12-09,4600,3800,REG,4600
55710,2012,2012-12-09,1800,1540,REG,1800
55707,2012,2012-12-09,4500,2700,REG,4500
55704,2012,2012-12-09,3900,4400,REG,4400
55705,2012,2012-12-09,4900,3700,REG,3700
55706,2012,2012-12-09,5110,325,REG,5110
55711,2012,2012-12-10,3200,2120,REG,3200
55712,2012,2012-12-13,3700,920,REG,920
55717,2012,2012-12-16,2120,2200,REG,2120
55718,2012,2012-12-16,2700,2250,REG,2700
55719,2012,2012-12-16,3300,4900,REG,3300
55716,2012,2012-12-16,1050,5110,REG,5110
55713,2012,2012-12-16,200,3410,REG,200
55714,2012,2012-12-16,325,1400,REG,1400
55715,2012,2012-12-16,810,1800,REG,1800
55724,2012,2012-12-16,1200,3900,REG,1200
55725,2012,2012-12-16,2520,2310,REG,2520
55726,2012,2012-12-16,3200,4500,REG,4500
55723,2012,2012-12-16,4400,750,REG,750
55720,2012,2012-12-16,2510,3000,REG,3000
55721,2012,2012-12-16,3800,1540,REG,3800
55722,2012,2012-12-16,610,4600,REG,4600
55727,2012,2012-12-17,2100,3430,REG,2100
55728,2012,2012-12-22,1540,200,REG,200
55733,2012,2012-12-23,2120,3000,REG,3000
55734,2012,2012-12-23,2250,3200,REG,3200
55735,2012,2012-12-23,2310,2200,REG,2200
55732,2012,2012-12-23,1800,2100,REG,1800
55729,2012,2012-12-23,325,3410,REG,325
55730,2012,2012-12-23,750,2520,REG,750
55731,2012,2012-12-23,1200,3300,REG,3300
55736,2012,2012-12-23,2700,610,REG,2700
55741,2012,2012-12-23,3800,810,REG,810
55742,2012,2012-12-23,4600,4500,REG,4600
55743,2012,2012-12-23,3430,4400,REG,4400
55740,2012,2012-12-23,1400,1050,REG,1400
55737,2012,2012-12-23,3700,5110,REG,5110
55738,2012,2012-12-23,3900,920,REG,920
55739,2012,2012-12-23,4900,2510,REG,2510
55749,2012,2012-12-30,3000,1800,REG,3000
55748,2012,2012-12-30,2200,2120,REG,2200
55751,2012,2012-12-30,3300,750,REG,750
55750,2012,2012-12-30,3200,2700,REG,3200
55745,2012,2012-12-30,610,3430,REG,610
55744,2012,2012-12-30,200,4900,REG,4900
55747,2012,2012-12-30,1540,810,REG,810
55746,2012,2012-12-30,920,325,REG,920
55757,2012,2012-12-30,4400,2520,REG,4400
55756,2012,2012-12-30,1400,2310,REG,1400
55759,2012,2012-12-30,4600,2510,REG,4600
55758,2012,2012-12-30,4500,3800,REG,4500
55753,2012,2012-12-30,3900,1050,REG,3900
55752,2012,2012-12-30,3410,3700,REG,3410
55755,2012,2012-12-30,5110,1200,REG,5110
55754,2012,2012-12-30,2100,2250,REG,2100
55835,2012,2013-02-03,4500,325,SB,325
55837,2013,2013-09-05,1400,325,REG,1400
55841,2013,2013-09-08,1050,2700,REG,2700
55842,2013,2013-09-08,1540,3000,REG,1540
55843,2013,2013-09-08,2200,2520,REG,2200
55838,2013,2013-09-08,610,3200,REG,3200
55839,2013,2013-09-08,750,4600,REG,4600
55840,2013,2013-09-08,810,920,REG,810
55844,2013,2013-09-08,2250,2310,REG,2310
55848,2013,2013-09-08,2510,3800,REG,2510
55849,2013,2013-09-08,4500,1800,REG,4500
55850,2013,2013-09-08,1200,3410,REG,1200
55845,2013,2013-09-08,3300,200,REG,3300
55846,2013,2013-09-08,3430,4900,REG,3430
55847,2013,2013-09-08,3900,2100,REG,2100
55851,2013,2013-09-09,5110,3700,REG,3700
55852,2013,2013-09-09,4400,2120,REG,2120
55853,2013,2013-09-12,3200,3430,REG,3200
55858,2013,2013-09-15,1800,5110,REG,1800
55859,2013,2013-09-15,2120,2100,REG,2120
55860,2013,2013-09-15,2200,2700,REG,2700
55857,2013,2013-09-15,810,3000,REG,810
55854,2013,2013-09-15,200,2510,REG,200
55855,2013,2013-09-15,325,1050,REG,325
55856,2013,2013-09-15,610,750,REG,610
55865,2013,2013-09-15,3410,1400,REG,1400
55866,2013,2013-09-15,2520,2250,REG,2520
55867,2013,2013-09-15,4600,4500,REG,4600
55864,2013,2013-09-15,4900,3300,REG,3300
55861,2013,2013-09-15,2310,1200,REG,2310
55862,2013,2013-09-15,3700,4400,REG,4400
55863,2013,2013-09-15,3800,1540,REG,3800
55868,2013,2013-09-16,920,3900,REG,920
55869,2013,2013-09-19,3700,2310,REG,2310
55874,2013,2013-09-22,3000,1050,REG,1050
55875,2013,2013-09-22,3200,4900,REG,3200
55876,2013,2013-09-22,3300,3800,REG,3300
55873,2013,2013-09-22,1200,2510,REG,1200
55870,2013,2013-09-22,325,2120,REG,325
55871,2013,2013-09-22,920,1800,REG,1800
55872,2013,2013-09-22,750,3410,REG,750
55881,2013,2013-09-22,4500,2200,REG,2200
55882,2013,2013-09-22,4600,2250,REG,4600
55883,2013,2013-09-22,3900,810,REG,810
55880,2013,2013-09-22,3430,610,REG,3430
55877,2013,2013-09-22,2100,4400,REG,2100
55878,2013,2013-09-22,5110,1540,REG,1540
55879,2013,2013-09-22,2700,200,REG,2700
55884,2013,2013-09-23,1400,2520,REG,1400
55885,2013,2013-09-26,2510,4500,REG,4500
55889,2013,2013-09-29,2120,4600,REG,4600
55890,2013,2013-09-29,2250,2200,REG,2200
55891,2013,2013-09-29,2310,3410,REG,2310
55886,2013,2013-09-29,610,325,REG,610
55887,2013,2013-09-29,1050,920,REG,1050
55888,2013,2013-09-29,1540,810,REG,1540
55892,2013,2013-09-29,3000,3900,REG,3000
55896,2013,2013-09-29,2520,5110,REG,5110
55897,2013,2013-09-29,4400,1200,REG,4400
55898,2013,2013-09-29,200,3200,REG,3200
55893,2013,2013-09-29,4900,3800,REG,3800
55894,2013,2013-09-29,2100,3430,REG,2100
55895,2013,2013-09-29,1400,3700,REG,1400
55899,2013,2013-09-30,3300,2700,REG,3300
55900,2013,2013-10-03,1050,610,REG,1050
55904,2013,2013-10-06,2200,4600,REG,2200
55905,2013,2013-10-06,2700,325,REG,325
55906,2013,2013-10-06,3410,3700,REG,3700
55901,2013,2013-10-06,810,3300,REG,3300
55902,2013,2013-10-06,920,3200,REG,920
55903,2013,2013-10-06,1800,1540,REG,1800
55910,2013,2013-10-06,1200,1400,REG,1400
55911,2013,2013-10-06,2520,4400,REG,2520
55912,2013,2013-10-06,4500,2120,REG,4500
55907,2013,2013-10-06,2510,2250,REG,2510
55908,2013,2013-10-06,2100,2310,REG,2310
55909,2013,2013-10-06,3800,750,REG,3800
55913,2013,2013-10-07,200,3430,REG,3430
55914,2013,2013-10-10,810,3410,REG,810
55918,2013,2013-10-13,2120,2510,REG,2510
55919,2013,2013-10-13,2310,2520,REG,2310
55920,2013,2013-10-13,3000,750,REG,750
55915,2013,2013-10-13,325,1800,REG,1800
55916,2013,2013-10-13,610,920,REG,920
55917,2013,2013-10-13,1050,1540,REG,1540
55921,2013,2013-10-13,3430,3900,REG,3900
55925,2013,2013-10-13,3200,3300,REG,3200
55926,2013,2013-10-13,4500,3800,REG,4500
55927,2013,2013-10-13,1200,5110,REG,1200
55922,2013,2013-10-13,4900,3700,REG,3700
55923,2013,2013-10-13,1400,2250,REG,1400
55924,2013,2013-10-13,4600,2100,REG,4600
55928,2013,2013-10-14,4400,2200,REG,4400
55929,2013,2013-10-17,3800,4600,REG,4600
55933,2013,2013-10-20,2250,4400,REG,4400
55934,2013,2013-10-20,2310,2120,REG,2310
55935,2013,2013-10-20,2700,610,REG,610
55930,2013,2013-10-20,200,4900,REG,200
55931,2013,2013-10-20,750,2510,REG,750
55932,2013,2013-10-20,1540,920,REG,920
55936,2013,2013-10-20,3430,3200,REG,3430
55940,2013,2013-10-20,1800,1050,REG,1800
55941,2013,2013-10-20,3900,325,REG,3900
55942,2013,2013-10-20,2200,1400,REG,2200
55937,2013,2013-10-20,3700,1200,REG,1200
55938,2013,2013-10-20,5110,810,REG,5110
55939,2013,2013-10-20,2100,4500,REG,4500
55943,2013,2013-10-21,3410,3000,REG,3410
55944,2013,2013-10-24,4900,750,REG,750
55948,2013,2013-10-27,3200,2700,REG,3200
55949,2013,2013-10-27,3300,610,REG,3300
55947,2013,2013-10-27,2310,1050,REG,2310
55945,2013,2013-10-27,1540,1200,REG,1540
55946,2013,2013-10-27,2250,4500,REG,4500
55950,2013,2013-10-27,3700,3410,REG,3410
55954,2013,2013-10-27,1400,5110,REG,1400
55955,2013,2013-10-27,3000,1800,REG,1800
55953,2013,2013-10-27,3800,200,REG,3800
55951,2013,2013-10-27,2520,3900,REG,2520
55952,2013,2013-10-27,920,3430,REG,920
55956,2013,2013-10-28,2510,4600,REG,4600
55957,2013,2013-10-31,2700,920,REG,2700
55961,2013,2013-11-03,3430,3300,REG,3430
55962,2013,2013-11-03,2510,2100,REG,2100
55960,2013,2013-11-03,1200,3000,REG,1200
55958,2013,2013-11-03,610,2310,REG,2310
55959,2013,2013-11-03,750,200,REG,750
55963,2013,2013-11-03,5110,4400,REG,5110
55967,2013,2013-11-03,3200,3900,REG,3200
55968,2013,2013-11-03,2120,2200,REG,2200
55966,2013,2013-11-03,1050,325,REG,1050
55964,2013,2013-11-03,2520,3700,REG,3700
55965,2013,2013-11-03,4600,4900,REG,4600
55969,2013,2013-11-04,1800,810,REG,810
55970,2013,2013-11-07,3000,5110,REG,3000
55974,2013,2013-11-10,1800,3700,REG,3700
55975,2013,2013-11-10,2200,2510,REG,2510
55976,2013,2013-11-10,3410,2520,REG,3410
55971,2013,2013-11-10,200,4600,REG,4600
55972,2013,2013-11-10,325,920,REG,325
55973,2013,2013-11-10,810,1540,REG,1540
55980,2013,2013-11-10,3800,2120,REG,3800
55981,2013,2013-11-10,4400,1400,REG,1400
55982,2013,2013-11-10,3300,1200,REG,3300
55977,2013,2013-11-10,3900,610,REG,3900
55978,2013,2013-11-10,2100,2250,REG,2250
55979,2013,2013-11-10,4500,750,REG,750
55983,2013,2013-11-11,4900,2700,REG,4900
55984,2013,2013-11-14,2100,2200,REG,2200
55988,2013,2013-11-17,2120,2520,REG,2520
55989,2013,2013-11-17,2250,3800,REG,3800
55990,2013,2013-11-17,2700,4400,REG,2700
55985,2013,2013-11-17,610,3430,REG,610
55986,2013,2013-11-17,810,325,REG,810
55987,2013,2013-11-17,920,1050,REG,920
55991,2013,2013-11-17,3700,5110,REG,3700
55995,2013,2013-11-17,3300,4500,REG,3300
55996,2013,2013-11-17,4600,3000,REG,4600
55997,2013,2013-11-17,3410,1800,REG,3410
55992,2013,2013-11-17,3900,1540,REG,3900
55993,2013,2013-11-17,4900,200,REG,4900
55994,2013,2013-11-17,1400,2310,REG,1400
55998,2013,2013-11-18,750,3200,REG,750
55999,2013,2013-11-21,200,3300,REG,3300
56003,2013,2013-11-24,1800,3000,REG,0
56004,2013,2013-11-24,2120,2250,REG,2250
56005,2013,2013-11-24,2310,4400,REG,4400
56000,2013,2013-11-24,325,3430,REG,325
56001,2013,2013-11-24,1050,3900,REG,3900
56002,2013,2013-11-24,1540,4900,REG,4900
56009,2013,2013-11-24,2520,2100,REG,2100
56010,2013,2013-11-24,3410,1200,REG,1200
56011,2013,2013-11-24,3200,1400,REG,3200
56006,2013,2013-11-24,2700,750,REG,750
56007,2013,2013-11-24,2510,810,REG,2510
56008,2013,2013-11-24,3800,2200,REG,3800
56012,2013,2013-11-25,5110,4500,REG,4500
56013,2013,2013-11-28,1540,1800,REG,1540
56014,2013,2013-11-28,1200,2520,REG,1200
56015,2013,2013-11-28,325,3900,REG,325
56019,2013,2013-12-01,2310,1400,REG,1400
56020,2013,2013-12-01,3000,810,REG,3000
56021,2013,2013-12-01,3430,2700,REG,2700
56016,2013,2013-12-01,750,4900,REG,750
56017,2013,2013-12-01,1050,2250,REG,2250
56018,2013,2013-12-01,2200,2100,REG,2200
56025,2013,2013-12-01,2120,3200,REG,3200
56026,2013,2013-12-01,4400,920,REG,920
56027,2013,2013-12-01,5110,3410,REG,3410
56022,2013,2013-12-01,3700,3800,REG,3700
56023,2013,2013-12-01,610,200,REG,200
56024,2013,2013-12-01,4500,2510,REG,4500
56028,2013,2013-12-02,4600,3300,REG,4600
56029,2013,2013-12-05,2250,2120,REG,2250
56034,2013,2013-12-08,3300,750,REG,3300
56035,2013,2013-12-08,3700,1540,REG,3700
56036,2013,2013-12-08,3900,2700,REG,2700
56033,2013,2013-12-08,3430,2520,REG,3430
56030,2013,2013-12-08,325,3000,REG,325
56031,2013,2013-12-08,920,2200,REG,920
56032,2013,2013-12-08,3200,1050,REG,3200
56041,2013,2013-12-08,4400,3410,REG,4400
56042,2013,2013-12-08,4500,4600,REG,4500
56043,2013,2013-12-08,1800,200,REG,1800
56040,2013,2013-12-08,3800,2510,REG,3800
56037,2013,2013-12-08,4900,610,REG,4900
56038,2013,2013-12-08,5110,2310,REG,2310
56039,2013,2013-12-08,1400,2100,REG,1400
56044,2013,2013-12-09,810,1200,REG,810
56045,2013,2013-12-12,1400,4400,REG,4400
56050,2013,2013-12-15,2700,3200,REG,2700
56051,2013,2013-12-15,3000,3700,REG,3000
56052,2013,2013-12-15,3410,4600,REG,4600
56049,2013,2013-12-15,2250,610,REG,610
56046,2013,2013-12-15,200,5110,REG,200
56047,2013,2013-12-15,1050,810,REG,810
56048,2013,2013-12-15,2200,2120,REG,2200
56057,2013,2013-12-15,2520,2310,REG,2310
56058,2013,2013-12-15,1200,1800,REG,1800
56059,2013,2013-12-15,3900,920,REG,3900
56056,2013,2013-12-15,750,3430,REG,750
56053,2013,2013-12-15,2510,3300,REG,2510
56054,2013,2013-12-15,4900,4500,REG,4500
56055,2013,2013-12-15,2100,3800,REG,3800
56060,2013,2013-12-16,1540,325,REG,325
56065,2013,2013-12-22,2250,2100,REG,2100
56066,2013,2013-12-22,2310,2200,REG,2200
56067,2013,2013-12-22,3430,1050,REG,3430
56064,2013,2013-12-22,2120,1400,REG,1400
56061,2013,2013-12-22,610,2700,REG,610
56062,2013,2013-12-22,750,3300,REG,750
56063,2013,2013-12-22,920,3000,REG,920
56068,2013,2013-12-22,3700,810,REG,3700
56073,2013,2013-12-22,1800,3900,REG,3900
56074,2013,2013-12-22,4400,2520,REG,4400
56075,2013,2013-12-22,325,3200,REG,3200
56072,2013,2013-12-22,4600,3800,REG,3800
56069,2013,2013-12-22,2510,4900,REG,2510
56070,2013,2013-12-22,5110,1200,REG,1200
56071,2013,2013-12-22,1540,3410,REG,3410
56076,2013,2013-12-23,4500,200,REG,4500
56082,2013,2013-12-29,2700,3430,REG,3430
56081,2013,2013-12-29,2200,2250,REG,2200
56084,2013,2013-12-29,3200,610,REG,3200
56083,2013,2013-12-29,3000,1540,REG,3000
56078,2013,2013-12-29,810,1800,REG,1800
56077,2013,2013-12-29,200,750,REG,750
56080,2013,2013-12-29,1200,3700,REG,3700
56079,2013,2013-12-29,920,325,REG,920
56090,2013,2013-12-29,2520,1400,REG,1400
56089,2013,2013-12-29,3800,4500,REG,4500
56092,2013,2013-12-29,4600,2510,REG,4600
56091,2013,2013-12-29,4400,2310,REG,4400
56086,2013,2013-12-29,3410,5110,REG,3410
56085,2013,2013-12-29,3300,4900,REG,3300
56088,2013,2013-12-29,2100,2120,REG,2100
56087,2013,2013-12-29,3900,1050,REG,3900
56169,2013,2014-02-02,1400,4600,SB,4600
56170,2014,2014-09-04,4600,1800,REG,4600
56174,2014,2014-09-07,2120,5110,REG,2120
56175,2014,2014-09-07,2310,2100,REG,2100
56176,2014,2014-09-07,2700,3200,REG,2700
56171,2014,2014-09-07,200,3300,REG,200
56172,2014,2014-09-07,325,920,REG,920
56173,2014,2014-09-07,810,610,REG,610
56177,2014,2014-09-07,3430,2520,REG,3430
56181,2014,2014-09-07,1200,4500,REG,4500
56182,2014,2014-09-07,4900,750,REG,750
56183,2014,2014-09-07,1400,2200,REG,1400
56178,2014,2014-09-07,3700,2250,REG,3700
56179,2014,2014-09-07,3900,1050,REG,3900
56180,2014,2014-09-07,2510,3000,REG,3000
56184,2014,2014-09-08,1540,3410,REG,1540
56185,2014,2014-09-08,3800,4400,REG,3800
56186,2014,2014-09-11,325,3900,REG,325
56191,2014,2014-09-14,3000,3200,REG,3200
56192,2014,2014-09-14,3410,3800,REG,3800
56193,2014,2014-09-14,2100,1200,REG,1200
56190,2014,2014-09-14,1050,3300,REG,1050
56187,2014,2014-09-14,610,2700,REG,610
56188,2014,2014-09-14,750,1540,REG,750
56189,2014,2014-09-14,920,200,REG,920
56198,2014,2014-09-14,1800,3430,REG,1800
56199,2014,2014-09-14,2520,2120,REG,2120
56200,2014,2014-09-14,4500,810,REG,810
56197,2014,2014-09-14,1400,2310,REG,1400
56194,2014,2014-09-14,5110,2250,REG,5110
56195,2014,2014-09-14,4400,4600,REG,4400
56196,2014,2014-09-14,4900,2510,REG,2510
56201,2014,2014-09-15,2200,3700,REG,3700
56202,2014,2014-09-18,200,4900,REG,200
56207,2014,2014-09-21,2250,2200,REG,2200
56208,2014,2014-09-21,3200,2520,REG,3200
56209,2014,2014-09-21,3300,3000,REG,3300
56206,2014,2014-09-21,1540,1800,REG,1540
56203,2014,2014-09-21,610,4400,REG,4400
56204,2014,2014-09-21,920,2100,REG,920
56205,2014,2014-09-21,1050,325,REG,325
56214,2014,2014-09-21,2700,2310,REG,2310
56215,2014,2014-09-21,4600,1400,REG,4600
56216,2014,2014-09-21,750,3900,REG,3900
56213,2014,2014-09-21,3800,4500,REG,3800
56210,2014,2014-09-21,3410,2120,REG,3410
56211,2014,2014-09-21,3700,5110,REG,3700
56212,2014,2014-09-21,2510,1200,REG,1200
56217,2014,2014-09-22,3430,810,REG,810
56218,2014,2014-09-25,5110,3410,REG,3410
56222,2014,2014-09-28,2200,2100,REG,2200
56223,2014,2014-09-28,3430,1540,REG,1540
56221,2014,2014-09-28,2120,610,REG,2120
56219,2014,2014-09-28,325,750,REG,325
56220,2014,2014-09-28,810,1800,REG,1800
56224,2014,2014-09-28,2520,2700,REG,2700
56228,2014,2014-09-28,4500,3700,REG,4500
56229,2014,2014-09-28,1200,3300,REG,1200
56227,2014,2014-09-28,3000,200,REG,3000
56225,2014,2014-09-28,3900,4900,REG,4900
56226,2014,2014-09-28,4400,2250,REG,4400
56230,2014,2014-09-29,2310,3200,REG,2310
56231,2014,2014-10-02,1800,3000,REG,1800
56235,2014,2014-10-05,2200,325,REG,2200
56236,2014,2014-10-05,2250,3900,REG,3900
56237,2014,2014-10-05,3300,4900,REG,3300
56232,2014,2014-10-05,750,810,REG,750
56233,2014,2014-10-05,1200,2120,REG,1200
56234,2014,2014-10-05,1540,610,REG,610
56238,2014,2014-10-05,3410,200,REG,3410
56242,2014,2014-10-05,4400,3430,REG,4400
56243,2014,2014-10-05,4500,2310,REG,4500
56244,2014,2014-10-05,3200,920,REG,3200
56239,2014,2014-10-05,3700,2510,REG,3700
56240,2014,2014-10-05,2100,1050,REG,1050
56241,2014,2014-10-05,1400,3800,REG,1400
56245,2014,2014-10-06,5110,4600,REG,4600
56246,2014,2014-10-09,2120,2200,REG,2200
56250,2014,2014-10-12,1050,3900,REG,1050
56251,2014,2014-10-12,2700,1800,REG,1800
56252,2014,2014-10-12,3000,1540,REG,1540
56247,2014,2014-10-12,200,810,REG,810
56248,2014,2014-10-12,610,3200,REG,3200
56249,2014,2014-10-12,920,750,REG,0
56253,2014,2014-10-12,3430,1400,REG,1400
56257,2014,2014-10-12,3800,5110,REG,3800
56258,2014,2014-10-12,4600,1200,REG,1200
56259,2014,2014-10-12,3700,3410,REG,3700
56254,2014,2014-10-12,4900,325,REG,325
56255,2014,2014-10-12,2100,2250,REG,2100
56256,2014,2014-10-12,2520,4400,REG,4400
56260,2014,2014-10-13,2510,4500,REG,4500
56261,2014,2014-10-16,3200,3430,REG,3200
56265,2014,2014-10-19,1540,3300,REG,1540
56266,2014,2014-10-19,1800,750,REG,1800
56267,2014,2014-10-19,2200,920,REG,2200
56262,2014,2014-10-19,325,200,REG,325
56263,2014,2014-10-19,610,3000,REG,610
56264,2014,2014-10-19,810,2700,REG,2700
56268,2014,2014-10-19,2250,1050,REG,2250
56272,2014,2014-10-19,1200,3410,REG,1200
56273,2014,2014-10-19,2520,3800,REG,3800
56274,2014,2014-10-19,1400,4500,REG,1400
56269,2014,2014-10-19,2510,4600,REG,2510
56270,2014,2014-10-19,5110,2100,REG,5110
56271,2014,2014-10-19,4400,2310,REG,2310
56275,2014,2014-10-20,3900,2120,REG,3900
56276,2014,2014-10-23,1400,4400,REG,1400
56280,2014,2014-10-26,2250,2700,REG,2700
56281,2014,2014-10-26,2310,2510,REG,2310
56282,2014,2014-10-26,3200,810,REG,3200
56277,2014,2014-10-26,200,1540,REG,1540
56278,2014,2014-10-26,750,4600,REG,4600
56279,2014,2014-10-26,920,325,REG,920
56283,2014,2014-10-26,3430,610,REG,610
56287,2014,2014-10-26,1050,2520,REG,1050
56288,2014,2014-10-26,3900,2200,REG,3900
56289,2014,2014-10-26,3300,1800,REG,3300
56284,2014,2014-10-26,4900,3000,REG,3000
56285,2014,2014-10-26,2100,2120,REG,2120
56286,2014,2014-10-26,3800,3700,REG,3800
56290,2014,2014-10-27,1200,5110,REG,5110
56291,2014,2014-10-30,750,3300,REG,3300
56295,2014,2014-11-02,2120,3700,REG,3700
56296,2014,2014-11-02,2310,3430,REG,2310
56294,2014,2014-11-02,1200,3800,REG,3800
56292,2014,2014-11-02,920,2250,REG,920
56293,2014,2014-11-02,1050,4900,REG,1050
56297,2014,2014-11-02,2700,4400,REG,2700
56301,2014,2014-11-02,4600,2520,REG,4600
56302,2014,2014-11-02,3900,325,REG,3900
56300,2014,2014-11-02,3200,1400,REG,3200
56298,2014,2014-11-02,3000,5110,REG,3000
56299,2014,2014-11-02,4500,2510,REG,2510
56303,2014,2014-11-03,3410,2200,REG,2200
56304,2014,2014-11-06,920,1050,REG,1050
56308,2014,2014-11-09,2250,1200,REG,1200
56309,2014,2014-11-09,3300,4500,REG,4500
56307,2014,2014-11-09,1540,2700,REG,1540
56305,2014,2014-11-09,325,2100,REG,325
56306,2014,2014-11-09,610,2310,REG,2310
56310,2014,2014-11-09,3430,3900,REG,3430
56314,2014,2014-11-09,4600,3410,REG,4600
56315,2014,2014-11-09,1800,810,REG,1800
56313,2014,2014-11-09,3800,2510,REG,3800
56311,2014,2014-11-09,4900,200,REG,200
56312,2014,2014-11-09,2520,1400,REG,1400
56316,2014,2014-11-10,3700,750,REG,3700
56317,2014,2014-11-13,2700,610,REG,2700
56321,2014,2014-11-16,1800,3700,REG,1800
56322,2014,2014-11-16,2310,4600,REG,2310
56323,2014,2014-11-16,3300,920,REG,920
56318,2014,2014-11-16,750,200,REG,200
56319,2014,2014-11-16,810,3000,REG,810
56320,2014,2014-11-16,1050,2120,REG,2120
56327,2014,2014-11-16,4400,2520,REG,4400
56328,2014,2014-11-16,3800,1540,REG,3800
56329,2014,2014-11-16,2200,3200,REG,3200
56324,2014,2014-11-16,3410,4500,REG,4500
56325,2014,2014-11-16,2510,1400,REG,2510
56326,2014,2014-11-16,5110,4900,REG,4900
56330,2014,2014-11-17,2100,3900,REG,3900
56331,2014,2014-11-20,2520,2310,REG,2520
56336,2014,2014-11-23,2200,2250,REG,2200
56337,2014,2014-11-23,3000,1800,REG,1800
56338,2014,2014-11-23,3200,1540,REG,3200
56332,2014,2014-11-23,200,1050,REG,1050
56334,2014,2014-11-23,810,4900,REG,810
56335,2014,2014-11-23,2120,920,REG,920
56342,2014,2014-11-23,1400,2700,REG,1400
56343,2014,2014-11-23,4500,5110,REG,4500
56344,2014,2014-11-23,3410,1200,REG,1200
56339,2014,2014-11-23,3700,2100,REG,3700
56340,2014,2014-11-23,4400,2510,REG,4400
56341,2014,2014-11-23,4600,3800,REG,4600
56333,2014,2014-11-24,610,3430,REG,610
56345,2014,2014-11-24,3300,325,REG,325
56346,2014,2014-11-27,1540,810,REG,1540
56347,2014,2014-11-27,1200,3700,REG,3700
56348,2014,2014-11-27,4500,4600,REG,4600
56352,2014,2014-11-30,2200,5110,REG,2200
56353,2014,2014-11-30,2250,3410,REG,2250
56354,2014,2014-11-30,3000,750,REG,3000
56349,2014,2014-11-30,325,4400,REG,4400
56350,2014,2014-11-30,610,1050,REG,610
56351,2014,2014-11-30,2120,2100,REG,2120
56358,2014,2014-11-30,200,3800,REG,200
56359,2014,2014-11-30,1800,3200,REG,1800
56360,2014,2014-11-30,2310,1400,REG,1400
56355,2014,2014-11-30,3900,3300,REG,3300
56356,2014,2014-11-30,2510,2520,REG,2510
56357,2014,2014-11-30,4900,920,REG,920
56361,2014,2014-12-01,3430,2700,REG,2700
56362,2014,2014-12-04,810,1200,REG,1200
56367,2014,2014-12-07,2700,325,REG,325
56368,2014,2014-12-07,3000,3430,REG,3000
56369,2014,2014-12-07,3300,750,REG,750
56366,2014,2014-12-07,2250,2120,REG,2120
56363,2014,2014-12-07,920,3900,REG,3900
56364,2014,2014-12-07,1050,2200,REG,2200
56365,2014,2014-12-07,1540,4900,REG,1540
56374,2014,2014-12-07,2520,4500,REG,2520
56375,2014,2014-12-07,3700,4600,REG,4600
56376,2014,2014-12-07,4400,3200,REG,3200
56373,2014,2014-12-07,1400,610,REG,1400
56370,2014,2014-12-07,2100,3410,REG,3410
56371,2014,2014-12-07,5110,2510,REG,2510
56372,2014,2014-12-07,3800,2310,REG,3800
56377,2014,2014-12-08,1800,200,REG,1800
56378,2014,2014-12-11,2510,3800,REG,3800
56383,2014,2014-12-14,1050,920,REG,920
56384,2014,2014-12-14,1540,3000,REG,1540
56385,2014,2014-12-14,2200,2120,REG,2200
56382,2014,2014-12-14,750,4900,REG,750
56379,2014,2014-12-14,200,3900,REG,3900
56380,2014,2014-12-14,325,2250,REG,325
56381,2014,2014-12-14,610,1800,REG,610
56390,2014,2014-12-14,2100,3430,REG,3430
56391,2014,2014-12-14,4600,4500,REG,4600
56392,2014,2014-12-14,3700,1200,REG,1200
56389,2014,2014-12-14,4400,1400,REG,1400
56386,2014,2014-12-14,2310,2520,REG,2310
56387,2014,2014-12-14,3200,2700,REG,3200
56388,2014,2014-12-14,3410,5110,REG,3410
56393,2014,2014-12-15,810,3300,REG,3300
56394,2014,2014-12-18,2250,2100,REG,2250
56395,2014,2014-12-20,4500,4400,REG,4400
56396,2014,2014-12-20,5110,3700,REG,5110
56400,2014,2014-12-21,2700,3000,REG,2700
56401,2014,2014-12-21,3300,200,REG,200
56402,2014,2014-12-21,3430,3200,REG,3200
56397,2014,2014-12-21,750,1050,REG,750
56398,2014,2014-12-21,810,1540,REG,1540
56399,2014,2014-12-21,2120,325,REG,2120
56406,2014,2014-12-21,1200,2200,REG,1200
56407,2014,2014-12-21,2520,610,REG,2520
56408,2014,2014-12-21,3800,4600,REG,4600
56403,2014,2014-12-21,3900,2310,REG,3900
56404,2014,2014-12-21,4900,1800,REG,1800
56405,2014,2014-12-21,2510,3410,REG,3410
56409,2014,2014-12-22,920,1400,REG,920
56415,2014,2014-12-28,2700,3430,REG,3430
56414,2014,2014-12-28,2310,4400,REG,2310
56417,2014,2014-12-28,3200,610,REG,610
56416,2014,2014-12-28,3000,810,REG,3000
56411,2014,2014-12-28,325,1050,REG,325
56410,2014,2014-12-28,200,750,REG,750
56413,2014,2014-12-28,2120,2250,REG,2120
56412,2014,2014-12-28,1800,1540,REG,1800
56423,2014,2014-12-28,1400,2520,REG,1400
56422,2014,2014-12-28,5110,1200,REG,1200
56425,2014,2014-12-28,4600,2510,REG,4600
56424,2014,2014-12-28,4500,3800,REG,4500
56419,2014,2014-12-28,3900,920,REG,3900
56418,2014,2014-12-28,3410,3700,REG,3700
56421,2014,2014-12-28,2100,2200,REG,2200
56420,2014,2014-12-28,4900,3300,REG,3300
56502,2014,2015-02-01,4600,3200,SB,3200
56503,2015,2015-09-10,3200,3900,REG,3200
56507,2015,2015-09-13,2250,750,REG,750
56508,2015,2015-09-13,3430,1050,REG,3430
56509,2015,2015-09-13,2510,4600,REG,2510
56504,2015,2015-09-13,610,2200,REG,610
56505,2015,2015-09-13,810,1800,REG,1800
56506,2015,2015-09-13,2120,2310,REG,2310
56510,2015,2015-09-13,5110,2700,REG,2700
56514,2015,2015-09-13,2520,920,REG,920
56515,2015,2015-09-13,4900,2100,REG,2100
56516,2015,2015-09-13,1200,3410,REG,1200
56511,2015,2015-09-13,3800,3300,REG,3800
56512,2015,2015-09-13,4400,1540,REG,4400
56513,2015,2015-09-13,1400,325,REG,1400
56517,2015,2015-09-14,200,3700,REG,200
56518,2015,2015-09-14,4500,3000,REG,4500
56519,2015,2015-09-17,2310,1400,REG,1400
56524,2015,2015-09-20,1050,2100,REG,1050
56525,2015,2015-09-20,3000,1540,REG,3000
56526,2015,2015-09-20,3300,4900,REG,4900
56523,2015,2015-09-20,920,4400,REG,920
56520,2015,2015-09-20,610,3200,REG,3200
56521,2015,2015-09-20,750,2120,REG,750
56522,2015,2015-09-20,810,3800,REG,3800
56531,2015,2015-09-20,2520,325,REG,2520
56532,2015,2015-09-20,3700,1200,REG,1200
56533,2015,2015-09-20,1800,4600,REG,1800
56530,2015,2015-09-20,2250,2700,REG,2250
56527,2015,2015-09-20,3410,200,REG,200
56528,2015,2015-09-20,3900,4500,REG,3900
56529,2015,2015-09-20,5110,2510,REG,5110
56534,2015,2015-09-21,2200,3430,REG,3430
56535,2015,2015-09-24,3410,5110,REG,3410
56540,2015,2015-09-27,2120,4900,REG,2120
56541,2015,2015-09-27,3000,4400,REG,3000
56542,2015,2015-09-27,3200,2250,REG,3200
56539,2015,2015-09-27,1200,200,REG,200
56536,2015,2015-09-27,325,920,REG,920
56537,2015,2015-09-27,750,3300,REG,750
56538,2015,2015-09-27,1050,2520,REG,2520
56547,2015,2015-09-27,2700,610,REG,610
56548,2015,2015-09-27,4600,810,REG,4600
56549,2015,2015-09-27,1540,1400,REG,1400
56546,2015,2015-09-27,3800,4500,REG,3800
56543,2015,2015-09-27,3430,3700,REG,3700
56544,2015,2015-09-27,2510,3900,REG,3900
56545,2015,2015-09-27,2100,2200,REG,2200
56550,2015,2015-09-28,1800,2310,REG,1800
56551,2015,2015-10-01,3900,325,REG,325
56555,2015,2015-10-04,810,2520,REG,810
56556,2015,2015-10-04,920,2310,REG,920
56557,2015,2015-10-04,2200,2250,REG,2200
56552,2015,2015-10-04,2700,3430,REG,3430
56553,2015,2015-10-04,200,2120,REG,200
56554,2015,2015-10-04,610,3410,REG,3410
56558,2015,2015-10-04,4900,750,REG,750
56562,2015,2015-10-04,1400,3000,REG,1400
56563,2015,2015-10-04,4500,1800,REG,1800
56564,2015,2015-10-04,3300,1200,REG,3300
56559,2015,2015-10-04,5110,3700,REG,5110
56560,2015,2015-10-04,4400,1050,REG,4400
56561,2015,2015-10-04,3800,2510,REG,2510
56565,2015,2015-10-05,4600,1540,REG,4600
56566,2015,2015-10-08,2120,2200,REG,2200
56570,2015,2015-10-11,1800,2510,REG,1800
56571,2015,2015-10-11,2310,810,REG,810
56572,2015,2015-10-11,3700,3300,REG,3700
56567,2015,2015-10-11,200,5110,REG,200
56568,2015,2015-10-11,325,1050,REG,1050
56569,2015,2015-10-11,920,4600,REG,920
56576,2015,2015-10-11,1200,3200,REG,3200
56577,2015,2015-10-11,2520,1400,REG,1400
56578,2015,2015-10-11,3410,4500,REG,3410
56573,2015,2015-10-11,4900,2250,REG,4900
56574,2015,2015-10-11,2100,610,REG,610
56575,2015,2015-10-11,1540,3800,REG,3800
56579,2015,2015-10-12,4400,3900,REG,3900
56580,2015,2015-10-15,3300,200,REG,3300
56584,2015,2015-10-18,2250,2120,REG,2120
56585,2015,2015-10-18,3000,2310,REG,3000
56586,2015,2015-10-18,3430,5110,REG,3430
56581,2015,2015-10-18,610,920,REG,920
56582,2015,2015-10-18,1050,1400,REG,1400
56583,2015,2015-10-18,1540,810,REG,1540
56590,2015,2015-10-18,1800,4400,REG,1800
56591,2015,2015-10-18,4500,325,REG,4500
56592,2015,2015-10-18,2200,3200,REG,3200
56587,2015,2015-10-18,3900,3800,REG,3900
56588,2015,2015-10-18,2100,2700,REG,2700
56589,2015,2015-10-18,4600,750,REG,750
56593,2015,2015-10-19,3700,3410,REG,3700
56594,2015,2015-10-22,4500,4600,REG,4600
56598,2015,2015-10-25,2310,3900,REG,2310
56599,2015,2015-10-25,2700,2120,REG,2700
56600,2015,2015-10-25,3200,3430,REG,3200
56595,2015,2015-10-25,2250,610,REG,2250
56596,2015,2015-10-25,1540,3000,REG,3000
56597,2015,2015-10-25,2200,3300,REG,3300
56604,2015,2015-10-25,4400,2520,REG,2520
56605,2015,2015-10-25,3410,1200,REG,3410
56606,2015,2015-10-25,750,3700,REG,750
56601,2015,2015-10-25,2510,1050,REG,2510
56602,2015,2015-10-25,2100,200,REG,200
56603,2015,2015-10-25,5110,4900,REG,5110
56607,2015,2015-10-26,3800,325,REG,3800
56608,2015,2015-10-29,3200,2700,REG,3200
56612,2015,2015-11-01,810,3000,REG,3000
56613,2015,2015-11-01,1050,3800,REG,3800
56614,2015,2015-11-01,2120,2100,REG,2120
56609,2015,2015-11-01,2310,1540,REG,2310
56610,2015,2015-11-01,200,4900,REG,4900
56611,2015,2015-11-01,325,4400,REG,325
56618,2015,2015-11-01,2520,3430,REG,2520
56619,2015,2015-11-01,1200,4600,REG,4600
56620,2015,2015-11-01,1400,1800,REG,1400
56615,2015,2015-11-01,3300,3410,REG,3300
56616,2015,2015-11-01,3900,920,REG,920
56617,2015,2015-11-01,2510,4500,REG,2510
56621,2015,2015-11-02,750,2200,REG,750
56622,2015,2015-11-05,920,1050,REG,920
56626,2015,2015-11-08,3200,5110,REG,3200
56627,2015,2015-11-08,3300,2100,REG,2100
56625,2015,2015-11-08,3000,2510,REG,3000
56623,2015,2015-11-08,610,2700,REG,610
56624,2015,2015-11-08,750,1800,REG,750
56628,2015,2015-11-08,3430,2250,REG,3430
56632,2015,2015-11-08,2200,1400,REG,2200
56633,2015,2015-11-08,1200,3700,REG,3700
56631,2015,2015-11-08,4900,3410,REG,3410
56629,2015,2015-11-08,3900,2520,REG,3900
56630,2015,2015-11-08,4500,200,REG,4500
56634,2015,2015-11-09,4400,810,REG,810
56635,2015,2015-11-12,3430,610,REG,610
56639,2015,2015-11-15,3900,1050,REG,3900
56640,2015,2015-11-15,2510,810,REG,810
56641,2015,2015-11-15,4900,1200,REG,4900
56636,2015,2015-11-15,325,2250,REG,2250
56637,2015,2015-11-15,1800,1540,REG,1540
56638,2015,2015-11-15,3700,2700,REG,2700
56645,2015,2015-11-15,1400,2310,REG,2310
56646,2015,2015-11-15,3410,3200,REG,3200
56647,2015,2015-11-15,4600,3800,REG,3800
56642,2015,2015-11-15,2100,750,REG,750
56643,2015,2015-11-15,5110,3300,REG,5110
56644,2015,2015-11-15,2520,3000,REG,3000
56648,2015,2015-11-16,920,2120,REG,2120
56649,2015,2015-11-19,2250,2100,REG,2250
56653,2015,2015-11-22,810,1400,REG,1400
56654,2015,2015-11-22,1540,2520,REG,1540
56655,2015,2015-11-22,2120,3430,REG,2120
56650,2015,2015-11-22,200,2200,REG,2200
56651,2015,2015-11-22,325,2510,REG,325
56652,2015,2015-11-22,750,5110,REG,750
56659,2015,2015-11-22,3800,920,REG,3800
56660,2015,2015-11-22,4600,4500,REG,4600
56661,2015,2015-11-22,4400,2310,REG,2310
56656,2015,2015-11-22,2700,1200,REG,1200
56657,2015,2015-11-22,3000,1800,REG,1800
56658,2015,2015-11-22,3700,4900,REG,4900
56662,2015,2015-11-23,3200,610,REG,3200
56663,2015,2015-11-26,1540,3700,REG,1540
56664,2015,2015-11-26,1200,750,REG,750
56665,2015,2015-11-26,1800,810,REG,810
56669,2015,2015-11-29,2200,4900,REG,2200
56670,2015,2015-11-29,2250,4400,REG,4400
56671,2015,2015-11-29,2310,610,REG,2310
56666,2015,2015-11-29,200,3000,REG,3000
56667,2015,2015-11-29,920,2510,REG,920
56668,2015,2015-11-29,2120,3300,REG,2120
56675,2015,2015-11-29,4500,3800,REG,3800
56676,2015,2015-11-29,4600,3900,REG,4600
56677,2015,2015-11-29,1400,3200,REG,1400
56672,2015,2015-11-29,3430,2700,REG,3430
56673,2015,2015-11-29,2100,2520,REG,2520
56674,2015,2015-11-29,5110,3410,REG,5110
56678,2015,2015-11-30,1050,325,REG,325
56679,2015,2015-12-03,1540,1800,REG,1800
56684,2015,2015-12-06,3000,4600,REG,4600
56685,2015,2015-12-06,3300,750,REG,750
56686,2015,2015-12-06,3410,3430,REG,3430
56683,2015,2015-12-06,2700,325,REG,2700
56680,2015,2015-12-06,610,2120,REG,610
56681,2015,2015-12-06,810,4500,REG,4500
56682,2015,2015-12-06,1050,920,REG,920
56691,2015,2015-12-06,4400,1400,REG,1400
56692,2015,2015-12-06,3200,3700,REG,3700
56693,2015,2015-12-06,3900,2200,REG,3900
56690,2015,2015-12-06,2520,2310,REG,2310
56687,2015,2015-12-06,2510,3800,REG,3800
56688,2015,2015-12-06,4900,200,REG,4900
56689,2015,2015-12-06,2100,2250,REG,2100
56694,2015,2015-12-07,5110,1200,REG,1200
56695,2015,2015-12-10,3800,3000,REG,3800
56700,2015,2015-12-13,2120,3200,REG,3200
56701,2015,2015-12-13,2250,2200,REG,2250
56702,2015,2015-12-13,2310,4400,REG,2310
56699,2015,2015-12-13,1050,4500,REG,1050
56696,2015,2015-12-13,750,200,REG,750
56697,2015,2015-12-13,810,5110,REG,5110
56698,2015,2015-12-13,920,3900,REG,3900
56707,2015,2015-12-13,1400,2520,REG,2520
56708,2015,2015-12-13,1800,1200,REG,1800
56709,2015,2015-12-13,325,4600,REG,4600
56706,2015,2015-12-13,4900,3300,REG,3300
56703,2015,2015-12-13,3430,2100,REG,3430
56704,2015,2015-12-13,3700,610,REG,3700
56705,2015,2015-12-13,2510,1540,REG,2510
56710,2015,2015-12-14,2700,3410,REG,3410
56711,2015,2015-12-17,2510,4900,REG,2510
56712,2015,2015-12-19,1200,3430,REG,3430
56716,2015,2015-12-20,3000,810,REG,3000
56717,2015,2015-12-20,3200,2100,REG,3200
56718,2015,2015-12-20,3410,750,REG,750
56713,2015,2015-12-20,325,2310,REG,2310
56714,2015,2015-12-20,2200,2120,REG,2120
56715,2015,2015-12-20,2250,200,REG,200
56719,2015,2015-12-20,3700,3800,REG,3800
56723,2015,2015-12-20,3900,1400,REG,3900
56724,2015,2015-12-20,4400,2700,REG,4400
56725,2015,2015-12-20,4500,920,REG,920
56720,2015,2015-12-20,5110,610,REG,5110
56721,2015,2015-12-20,2520,1800,REG,1800
56722,2015,2015-12-20,4600,1050,REG,4600
56726,2015,2015-12-21,3300,1540,REG,1540
56727,2015,2015-12-24,2520,4400,REG,2520
56728,2015,2015-12-26,3700,5110,REG,5110
56732,2015,2015-12-27,2310,1050,REG,2310
56733,2015,2015-12-27,2700,2200,REG,2200
56734,2015,2015-12-27,3000,3410,REG,3000
56729,2015,2015-12-27,200,750,REG,200
56730,2015,2015-12-27,610,1200,REG,610
56731,2015,2015-12-27,1540,4500,REG,1540
56735,2015,2015-12-27,3300,2250,REG,3300
56739,2015,2015-12-27,3800,1800,REG,3800
56740,2015,2015-12-27,4600,2510,REG,2510
56741,2015,2015-12-27,325,3900,REG,325
56736,2015,2015-12-27,3430,3200,REG,3430
56737,2015,2015-12-27,4900,810,REG,810
56738,2015,2015-12-27,2100,2120,REG,2120
56742,2015,2015-12-28,1400,920,REG,1400
56748,2015,2016-01-03,1050,3900,REG,3900
56747,2015,2016-01-03,920,325,REG,920
56750,2015,2016-01-03,1800,3000,REG,3000
56749,2015,2016-01-03,1200,5110,REG,5110
56744,2015,2016-01-03,610,3430,REG,610
56743,2015,2016-01-03,200,3300,REG,3300
56746,2015,2016-01-03,810,1540,REG,1540
56745,2015,2016-01-03,750,4900,REG,750
56756,2015,2016-01-03,3800,4600,REG,4600
56755,2015,2016-01-03,3410,3700,REG,3700
56758,2015,2016-01-03,4500,2510,REG,4500
56757,2015,2016-01-03,1400,4400,REG,1400
56752,2015,2016-01-03,2200,2100,REG,2200
56751,2015,2016-01-03,2120,2250,REG,2120
56754,2015,2016-01-03,2700,3200,REG,2700
56753,2015,2016-01-03,2310,2520,REG,2310
56834,2015,2016-02-07,1400,750,SB,1400
56901,2016,2016-09-08,1400,750,REG,1400
56905,2016,2016-09-11,2250,1800,REG,1800
56906,2016,2016-09-11,2310,4400,REG,2310
56907,2016,2016-09-11,3300,2520,REG,2520
56902,2016,2016-09-11,200,4900,REG,4900
56903,2016,2016-09-11,325,610,REG,325
56904,2016,2016-09-11,2120,810,REG,2120
56908,2016,2016-09-11,3430,920,REG,920
56912,2016,2016-09-11,1200,3410,REG,3410
56913,2016,2016-09-11,2200,1540,REG,1540
56914,2016,2016-09-11,3800,3200,REG,3200
56909,2016,2016-09-11,3700,1050,REG,3700
56910,2016,2016-09-11,2100,3000,REG,3000
56911,2016,2016-09-11,4600,2700,REG,4600
56915,2016,2016-09-12,5110,3900,REG,3900
56916,2016,2016-09-12,4500,2510,REG,4500
56917,2016,2016-09-15,610,3430,REG,3430
56922,2016,2016-09-18,3200,2700,REG,3200
56923,2016,2016-09-18,3410,3300,REG,3410
56924,2016,2016-09-18,3900,920,REG,3900
56921,2016,2016-09-18,2120,2310,REG,2120
56918,2016,2016-09-18,750,4500,REG,750
56919,2016,2016-09-18,1050,325,REG,325
56920,2016,2016-09-18,1540,2100,REG,2100
56929,2016,2016-09-18,2520,200,REG,200
56930,2016,2016-09-18,4400,2250,REG,4400
56931,2016,2016-09-18,3000,1800,REG,3000
56928,2016,2016-09-18,1400,2200,REG,1400
56925,2016,2016-09-18,5110,1200,REG,1200
56926,2016,2016-09-18,3800,4900,REG,3800
56927,2016,2016-09-18,2510,4600,REG,2510
56932,2016,2016-09-19,810,3700,REG,3700
56933,2016,2016-09-22,3200,2120,REG,3200
56938,2016,2016-09-25,2250,325,REG,325
56939,2016,2016-09-25,2700,1050,REG,2700
56940,2016,2016-09-25,3410,5110,REG,5110
56937,2016,2016-09-25,1800,1540,REG,1800
56934,2016,2016-09-25,610,3800,REG,610
56935,2016,2016-09-25,750,3000,REG,3000
56936,2016,2016-09-25,920,1400,REG,1400
56945,2016,2016-09-25,2310,3430,REG,2310
56946,2016,2016-09-25,3700,3900,REG,3700
56947,2016,2016-09-25,1200,810,REG,1200
56944,2016,2016-09-25,2200,4400,REG,2200
56941,2016,2016-09-25,2100,2520,REG,2520
56942,2016,2016-09-25,4600,4500,REG,4600
56943,2016,2016-09-25,4900,2510,REG,2510
56948,2016,2016-09-26,3300,200,REG,200
56949,2016,2016-09-29,920,2700,REG,920
56953,2016,2016-10-02,810,1540,REG,810
56954,2016,2016-10-02,2120,2100,REG,2120
56955,2016,2016-10-02,3200,610,REG,610
56950,2016,2016-10-02,2250,2200,REG,2250
56951,2016,2016-10-02,200,750,REG,200
56952,2016,2016-10-02,325,2520,REG,2520
56956,2016,2016-10-02,3430,4600,REG,4600
56960,2016,2016-10-02,4400,3300,REG,3300
56961,2016,2016-10-02,4500,1200,REG,1200
56962,2016,2016-10-02,3900,2310,REG,3900
56957,2016,2016-10-02,5110,1050,REG,5110
56958,2016,2016-10-02,4900,1400,REG,1400
56959,2016,2016-10-02,3800,2510,REG,2510
56963,2016,2016-10-03,3000,3410,REG,3000
56964,2016,2016-10-06,4500,3800,REG,3800
56968,2016,2016-10-09,2200,810,REG,2200
56969,2016,2016-10-09,2700,2100,REG,2100
56970,2016,2016-10-09,3000,2120,REG,3000
56965,2016,2016-10-09,325,5110,REG,5110
56966,2016,2016-10-09,1050,3200,REG,3200
56967,2016,2016-10-09,1540,3700,REG,1540
56974,2016,2016-10-09,2510,610,REG,610
56975,2016,2016-10-09,2520,4400,REG,2520
56976,2016,2016-10-09,1800,3410,REG,1800
56971,2016,2016-10-09,3900,3430,REG,3900
56972,2016,2016-10-09,1400,200,REG,200
56973,2016,2016-10-09,1200,920,REG,1200
56977,2016,2016-10-10,750,4900,REG,4900
56978,2016,2016-10-13,4400,1400,REG,4400
56982,2016,2016-10-16,2700,3900,REG,2700
56983,2016,2016-10-16,3200,920,REG,3200
56984,2016,2016-10-16,3300,750,REG,3300
56979,2016,2016-10-16,610,4500,REG,610
56980,2016,2016-10-16,810,2250,REG,2250
56981,2016,2016-10-16,1540,2510,REG,1540
56985,2016,2016-10-16,3410,325,REG,3410
56989,2016,2016-10-16,1800,1200,REG,1200
56990,2016,2016-10-16,4600,200,REG,4600
56991,2016,2016-10-16,2120,2200,REG,2120
56986,2016,2016-10-16,2100,1050,REG,2100
56987,2016,2016-10-16,5110,3700,REG,5110
56988,2016,2016-10-16,2520,2310,REG,2310
56992,2016,2016-10-17,3800,3430,REG,3800
56993,2016,2016-10-20,1800,810,REG,1800
56997,2016,2016-10-23,2250,2520,REG,2520
56998,2016,2016-10-23,2310,3300,REG,2310
56999,2016,2016-10-23,2700,610,REG,2700
56994,2016,2016-10-23,2510,3410,REG,3410
56995,2016,2016-10-23,920,1050,REG,920
56996,2016,2016-10-23,1540,5110,REG,1540
57000,2016,2016-10-23,3430,325,REG,3430
57004,2016,2016-10-23,4500,4900,REG,4900
57005,2016,2016-10-23,3900,3200,REG,3200
57006,2016,2016-10-23,3800,4600,REG,0
57001,2016,2016-10-23,3700,3000,REG,3700
57002,2016,2016-10-23,2100,2200,REG,2200
57003,2016,2016-10-23,200,4400,REG,4400
57007,2016,2016-10-24,1400,2120,REG,1400
57008,2016,2016-10-27,2100,2250,REG,2100
57012,2016,2016-10-30,1050,3430,REG,3430
57013,2016,2016-10-30,2120,1540,REG,2120
57011,2016,2016-10-30,610,3200,REG,3200
57009,2016,2016-10-30,920,5110,REG,0
57010,2016,2016-10-30,200,1800,REG,200
57014,2016,2016-10-30,2200,2310,REG,2310
57018,2016,2016-10-30,750,3800,REG,750
57019,2016,2016-10-30,1200,3700,REG,1200
57017,2016,2016-10-30,1400,4400,REG,1400
57015,2016,2016-10-30,3300,4600,REG,3300
57016,2016,2016-10-30,4900,2520,REG,2520
57020,2016,2016-10-31,810,3000,REG,810
57021,2016,2016-11-03,4900,200,REG,200
57025,2016,2016-11-06,2700,3430,REG,2700
57026,2016,2016-11-06,3000,1540,REG,1540
57024,2016,2016-11-06,2310,2250,REG,2310
57022,2016,2016-11-06,325,3900,REG,325
57023,2016,2016-11-06,1050,1200,REG,1200
57027,2016,2016-11-06,3410,3700,REG,3410
57031,2016,2016-11-06,4400,2100,REG,4400
57032,2016,2016-11-06,2520,1400,REG,2520
57030,2016,2016-11-06,1800,2200,REG,2200
57028,2016,2016-11-06,2510,750,REG,750
57029,2016,2016-11-06,4500,3300,REG,3300
57033,2016,2016-11-07,4600,610,REG,4600
57034,2016,2016-11-10,325,1050,REG,325
57038,2016,2016-11-13,3430,2510,REG,2510
57039,2016,2016-11-13,3700,200,REG,3700
57040,2016,2016-11-13,4900,810,REG,4900
57035,2016,2016-11-13,750,2310,REG,2310
57036,2016,2016-11-13,2250,2120,REG,2120
57037,2016,2016-11-13,3300,1400,REG,1400
57044,2016,2016-11-13,3800,4500,REG,3800
57045,2016,2016-11-13,3900,1200,REG,1200
57046,2016,2016-11-13,3200,4600,REG,4600
57041,2016,2016-11-13,2100,1800,REG,2100
57042,2016,2016-11-13,5110,3000,REG,5110
57043,2016,2016-11-13,4400,2700,REG,2700
57047,2016,2016-11-14,3410,920,REG,3410
57048,2016,2016-11-17,750,3300,REG,750
57052,2016,2016-11-20,1540,2250,REG,1540
57053,2016,2016-11-20,2200,2100,REG,2200
57054,2016,2016-11-20,2310,4900,REG,4900
57049,2016,2016-11-20,920,610,REG,610
57050,2016,2016-11-20,1050,3900,REG,3900
57051,2016,2016-11-20,1200,325,REG,1200
57058,2016,2016-11-20,4500,3200,REG,3200
57059,2016,2016-11-20,4600,3700,REG,4600
57060,2016,2016-11-20,5110,1800,REG,5110
57055,2016,2016-11-20,3000,3800,REG,3000
57056,2016,2016-11-20,3410,810,REG,3410
57057,2016,2016-11-20,2510,2700,REG,2700
57061,2016,2016-11-21,2520,2120,REG,2520
57062,2016,2016-11-24,1540,3000,REG,1540
57063,2016,2016-11-24,1200,5110,REG,1200
57064,2016,2016-11-24,2200,3900,REG,3900
57068,2016,2016-11-27,810,2100,REG,2100
57069,2016,2016-11-27,1050,3410,REG,3410
57070,2016,2016-11-27,2120,4400,REG,4400
57065,2016,2016-11-27,200,3800,REG,200
57066,2016,2016-11-27,325,920,REG,325
57067,2016,2016-11-27,610,2250,REG,610
57074,2016,2016-11-27,1400,2310,REG,2310
57075,2016,2016-11-27,2520,750,REG,2520
57076,2016,2016-11-27,3430,3200,REG,3200
57071,2016,2016-11-27,2700,4500,REG,2700
57072,2016,2016-11-27,3300,2510,REG,3300
57073,2016,2016-11-27,4900,4600,REG,4900
57077,2016,2016-11-28,3700,1800,REG,1800
57078,2016,2016-12-01,3000,1200,REG,1200
57082,2016,2016-12-04,920,3700,REG,920
57083,2016,2016-12-04,1800,2120,REG,1800
57084,2016,2016-12-04,2250,1400,REG,1400
57079,2016,2016-12-04,200,2310,REG,2310
57080,2016,2016-12-04,325,2700,REG,325
57081,2016,2016-12-04,810,4500,REG,810
57085,2016,2016-12-04,3200,2510,REG,3200
57089,2016,2016-12-04,3900,3410,REG,3900
57090,2016,2016-12-04,4400,4900,REG,4900
57091,2016,2016-12-04,4600,750,REG,4600
57086,2016,2016-12-04,3300,1540,REG,1540
57087,2016,2016-12-04,2520,610,REG,2520
57088,2016,2016-12-04,3800,5110,REG,3800
57092,2016,2016-12-05,3430,2200,REG,2200
57093,2016,2016-12-08,2310,2520,REG,2310
57098,2016,2016-12-11,2200,2120,REG,2120
57099,2016,2016-12-11,2250,3000,REG,3000
57100,2016,2016-12-11,2700,3800,REG,2700
57097,2016,2016-12-11,1540,810,REG,1540
57094,2016,2016-12-11,610,3900,REG,3900
57095,2016,2016-12-11,750,4400,REG,750
57096,2016,2016-12-11,1050,920,REG,920
57105,2016,2016-12-11,1800,4600,REG,1800
57106,2016,2016-12-11,2510,200,REG,200
57107,2016,2016-12-11,3410,1200,REG,3410
57104,2016,2016-12-11,4500,3430,REG,3430
57101,2016,2016-12-11,3700,5110,REG,5110
57102,2016,2016-12-11,4900,3300,REG,4900
57103,2016,2016-12-11,2100,1400,REG,2100
57108,2016,2016-12-12,3200,325,REG,3200
57109,2016,2016-12-15,4600,2510,REG,4600
57110,2016,2016-12-17,3430,2700,REG,2700
57114,2016,2016-12-18,1200,4900,REG,1200
57115,2016,2016-12-18,2120,2250,REG,2120
57116,2016,2016-12-18,2310,2100,REG,2100
57111,2016,2016-12-18,325,3700,REG,325
57112,2016,2016-12-18,610,1050,REG,610
57113,2016,2016-12-18,810,1800,REG,1800
57117,2016,2016-12-18,3000,2200,REG,2200
57121,2016,2016-12-18,1400,3200,REG,3200
57122,2016,2016-12-18,4400,2520,REG,2520
57123,2016,2016-12-18,920,3900,REG,3900
57118,2016,2016-12-18,3410,1540,REG,3410
57119,2016,2016-12-18,3800,3300,REG,3300
57120,2016,2016-12-18,200,4500,REG,200
57124,2016,2016-12-19,5110,750,REG,750
57125,2016,2016-12-22,3700,3410,REG,3700
57129,2016,2016-12-24,1050,4400,REG,1050
57130,2016,2016-12-24,1800,3000,REG,1800
57131,2016,2016-12-24,2250,2100,REG,2250
57126,2016,2016-12-24,610,2700,REG,2700
57127,2016,2016-12-24,750,200,REG,200
57128,2016,2016-12-24,810,5110,REG,5110
57135,2016,2016-12-24,2510,4500,REG,4500
57136,2016,2016-12-24,4600,3800,REG,3800
57137,2016,2016-12-24,2120,920,REG,2120
57132,2016,2016-12-24,3200,3430,REG,3200
57133,2016,2016-12-24,3300,4900,REG,3300
57134,2016,2016-12-24,2520,2200,REG,2520
57138,2016,2016-12-25,3900,325,REG,3900
57139,2016,2016-12-25,2310,1400,REG,2310
57140,2016,2016-12-26,1200,1540,REG,1200
57146,2016,2017-01-01,3000,810,REG,3000
57145,2016,2017-01-01,2700,3200,REG,3200
57148,2016,2017-01-01,3700,1200,REG,3700
57147,2016,2017-01-01,3430,610,REG,3430
57142,2016,2017-01-01,920,325,REG,920
57141,2016,2017-01-01,200,3300,REG,200
57144,2016,2017-01-01,2200,2250,REG,2200
57143,2016,2017-01-01,1540,1800,REG,1800
57154,2016,2017-01-01,2510,3800,REG,3800
57153,2016,2017-01-01,1400,2520,REG,1400
57156,2016,2017-01-01,4500,4600,REG,4600
57155,2016,2017-01-01,4400,2310,REG,2310
57150,2016,2017-01-01,4900,750,REG,4900
57149,2016,2017-01-01,3900,1050,REG,3900
57152,2016,2017-01-01,5110,3410,REG,3410
57151,2016,2017-01-01,2100,2120,REG,2100
57167,2016,2017-02-05,200,3200,SB,3200
57234,2017,2017-09-07,3200,2310,REG,2310
57244,2017,2017-09-10,2510,2200,REG,2510
57240,2017,2017-09-10,2120,2250,REG,2250
57237,2017,2017-09-10,920,325,REG,325
57247,2017,2017-09-10,1200,3410,REG,1200
57246,2017,2017-09-10,4500,750,REG,750
57245,2017,2017-09-10,1800,4600,REG,1800
57242,2017,2017-09-10,2100,2520,REG,2520
57236,2017,2017-09-10,810,200,REG,200
57235,2017,2017-09-10,610,3430,REG,610
57238,2017,2017-09-10,1050,3900,REG,3900
57243,2017,2017-09-10,5110,3700,REG,3700
57239,2017,2017-09-10,1540,3800,REG,1540
57249,2017,2017-09-11,1400,4400,REG,1400
57248,2017,2017-09-11,3000,3300,REG,3000
57250,2017,2017-09-14,920,2120,REG,2120
57260,2017,2017-09-17,2520,3430,REG,2520
57255,2017,2017-09-17,2310,3700,REG,2310
57252,2017,2017-09-17,750,610,REG,750
57262,2017,2017-09-17,2510,5110,REG,5110
57264,2017,2017-09-17,200,1800,REG,200
57261,2017,2017-09-17,1400,1200,REG,1400
57263,2017,2017-09-17,4600,4500,REG,4600
57258,2017,2017-09-17,4900,810,REG,4900
57257,2017,2017-09-17,3900,3000,REG,3900
57259,2017,2017-09-17,4400,2700,REG,2700
57251,2017,2017-09-17,325,1050,REG,325
57254,2017,2017-09-17,2250,2100,REG,2100
57253,2017,2017-09-17,2200,3800,REG,3800
57256,2017,2017-09-17,3300,3200,REG,3200
57265,2017,2017-09-18,3410,1540,REG,1540
57266,2017,2017-09-21,4500,2510,REG,2510
57268,2017,2017-09-24,610,1400,REG,610
57271,2017,2017-09-24,1540,200,REG,200
57273,2017,2017-09-24,3000,4900,REG,3000
57277,2017,2017-09-24,2100,4600,REG,2100
57280,2017,2017-09-24,5110,2520,REG,5110
57279,2017,2017-09-24,4400,2310,REG,2310
57278,2017,2017-09-24,1800,920,REG,1800
57272,2017,2017-09-24,2200,1050,REG,2200
57275,2017,2017-09-24,3430,2700,REG,3430
57269,2017,2017-09-24,750,3300,REG,3300
57267,2017,2017-09-24,2250,325,REG,2250
57274,2017,2017-09-24,3200,2120,REG,3200
57276,2017,2017-09-24,3700,3410,REG,3700
57270,2017,2017-09-24,810,3900,REG,810
57281,2017,2017-09-25,3800,1200,REG,1200
57282,2017,2017-09-28,1800,810,REG,1800
57294,2017,2017-10-01,4900,3410,REG,4900
57286,2017,2017-10-01,1050,920,REG,920
57287,2017,2017-10-01,1200,2510,REG,2510
57293,2017,2017-10-01,4400,3700,REG,3700
57296,2017,2017-10-01,4600,2200,REG,4600
57295,2017,2017-10-01,1400,2520,REG,1400
57292,2017,2017-10-01,3800,4500,REG,3800
57288,2017,2017-10-01,2120,2100,REG,2120
57290,2017,2017-10-01,3200,750,REG,750
57289,2017,2017-10-01,3000,1540,REG,1540
57283,2017,2017-10-01,2700,3300,REG,3300
57285,2017,2017-10-01,325,3900,REG,3900
57291,2017,2017-10-01,3430,2250,REG,3430
57284,2017,2017-10-01,200,610,REG,610
57297,2017,2017-10-02,2310,5110,REG,2310
57298,2017,2017-10-05,4900,3200,REG,3200
57307,2017,2017-10-08,2510,4600,REG,4600
57302,2017,2017-10-08,2200,4500,REG,2200
57305,2017,2017-10-08,3700,3800,REG,3700
57310,2017,2017-10-08,2120,2310,REG,2310
57309,2017,2017-10-08,1200,1800,REG,1800
57308,2017,2017-10-08,2520,325,REG,325
57300,2017,2017-10-08,1050,3430,REG,3430
57306,2017,2017-10-08,3900,2250,REG,2250
57299,2017,2017-10-08,920,610,REG,920
57301,2017,2017-10-08,1540,750,REG,750
57304,2017,2017-10-08,3410,4400,REG,4400
57303,2017,2017-10-08,2700,2100,REG,2700
57311,2017,2017-10-09,810,3000,REG,3000
57312,2017,2017-10-12,750,3700,REG,3700
57321,2017,2017-10-15,2250,2510,REG,2510
57317,2017,2017-10-15,3300,1540,REG,3300
57319,2017,2017-10-15,5110,4500,REG,5110
57324,2017,2017-10-15,1400,3410,REG,3410
57323,2017,2017-10-15,2520,4400,REG,4400
57322,2017,2017-10-15,2310,3900,REG,3900
57314,2017,2017-10-15,325,810,REG,810
57316,2017,2017-10-15,3000,1800,REG,3000
57320,2017,2017-10-15,3800,4900,REG,3800
57315,2017,2017-10-15,2120,1050,REG,2120
57313,2017,2017-10-15,200,2700,REG,2700
57318,2017,2017-10-15,3430,3200,REG,3200
57325,2017,2017-10-16,2100,2200,REG,2100
57326,2017,2017-10-19,2520,2310,REG,0
57337,2017,2017-10-22,4400,1400,REG,4400
57331,2017,2017-10-22,2200,2250,REG,2250
57329,2017,2017-10-22,1050,2100,REG,2100
57339,2017,2017-10-22,3200,200,REG,3200
57335,2017,2017-10-22,3900,920,REG,3900
57338,2017,2017-10-22,3410,4600,REG,4600
57328,2017,2017-10-22,810,750,REG,810
57327,2017,2017-10-22,610,4900,REG,610
57333,2017,2017-10-22,2700,3430,REG,2700
57336,2017,2017-10-22,4500,1200,REG,1200
57334,2017,2017-10-22,3000,325,REG,3000
57332,2017,2017-10-22,2510,3800,REG,2510
57330,2017,2017-10-22,1800,3300,REG,3300
57340,2017,2017-10-23,3700,5110,REG,3700
57341,2017,2017-10-26,325,2700,REG,325
57345,2017,2017-10-29,3200,4400,REG,3200
57346,2017,2017-10-29,3300,810,REG,3300
57348,2017,2017-10-29,3700,4500,REG,3700
57352,2017,2017-10-29,1540,3900,REG,3900
57351,2017,2017-10-29,5110,1200,REG,1200
57350,2017,2017-10-29,4600,2120,REG,4600
57343,2017,2017-10-29,610,2520,REG,610
57342,2017,2017-10-29,1050,3000,REG,3000
57347,2017,2017-10-29,3430,200,REG,200
57349,2017,2017-10-29,4900,750,REG,750
57344,2017,2017-10-29,920,2200,REG,920
57353,2017,2017-10-30,2310,1400,REG,2310
57354,2017,2017-11-02,3430,610,REG,3430
57362,2017,2017-11-05,4500,3800,REG,3800
57361,2017,2017-11-05,2100,325,REG,2100
57358,2017,2017-11-05,3300,4900,REG,3300
57365,2017,2017-11-05,2700,2520,REG,2520
57364,2017,2017-11-05,1200,2310,REG,1200
57363,2017,2017-11-05,4600,5110,REG,5110
57357,2017,2017-11-05,2250,920,REG,2250
57356,2017,2017-11-05,2120,2200,REG,2200
57360,2017,2017-11-05,3700,1400,REG,3700
57355,2017,2017-11-05,750,200,REG,750
57359,2017,2017-11-05,3410,2510,REG,2510
57366,2017,2017-11-06,1800,1540,REG,1540
57367,2017,2017-11-09,3800,4600,REG,4600
57371,2017,2017-11-12,2200,3900,REG,3900
57370,2017,2017-11-12,1540,1050,REG,1540
57369,2017,2017-11-12,810,1800,REG,1800
57379,2017,2017-11-12,1400,3200,REG,3200
57377,2017,2017-11-12,200,1200,REG,200
57376,2017,2017-11-12,2510,2120,REG,2510
57372,2017,2017-11-12,2250,4400,REG,2250
57375,2017,2017-11-12,5110,3000,REG,3000
57378,2017,2017-11-12,4500,3410,REG,4500
57374,2017,2017-11-12,2100,920,REG,2100
57373,2017,2017-11-12,4900,3430,REG,4900
57368,2017,2017-11-12,610,3300,REG,3300
57380,2017,2017-11-13,750,2700,REG,750
57381,2017,2017-11-16,3900,2100,REG,3900
57389,2017,2017-11-19,4400,610,REG,4400
57387,2017,2017-11-19,3300,5110,REG,3300
57388,2017,2017-11-19,3410,2310,REG,3410
57392,2017,2017-11-19,1200,3700,REG,3700
57390,2017,2017-11-19,1400,920,REG,920
57391,2017,2017-11-19,2520,3200,REG,3200
57384,2017,2017-11-19,1800,325,REG,325
57382,2017,2017-11-19,810,1540,REG,1540
57385,2017,2017-11-19,2120,3800,REG,2120
57383,2017,2017-11-19,1050,2250,REG,2250
57386,2017,2017-11-19,3000,2510,REG,3000
57241,2017,2017-11-19,2700,4900,REG,2700
57393,2017,2017-11-20,4600,200,REG,200
57395,2017,2017-11-23,1200,4400,REG,4400
57396,2017,2017-11-23,5110,3410,REG,5110
57394,2017,2017-11-23,1540,3000,REG,3000
57404,2017,2017-11-26,2510,3300,REG,2510
57405,2017,2017-11-26,4500,4600,REG,4600
57397,2017,2017-11-26,200,4900,REG,200
57408,2017,2017-11-26,3900,1800,REG,3900
57406,2017,2017-11-26,3800,2250,REG,3800
57407,2017,2017-11-26,2520,1400,REG,2520
57400,2017,2017-11-26,2310,610,REG,610
57402,2017,2017-11-26,3430,750,REG,750
57403,2017,2017-11-26,3700,810,REG,3700
57398,2017,2017-11-26,920,1050,REG,920
57401,2017,2017-11-26,3200,2700,REG,3200
57399,2017,2017-11-26,2200,2100,REG,2100
57409,2017,2017-11-27,325,2120,REG,325
57410,2017,2017-11-30,1200,5110,REG,1200
57421,2017,2017-12-03,4400,1050,REG,4400
57420,2017,2017-12-03,2100,2120,REG,2100
57416,2017,2017-12-03,2250,2200,REG,2250
57418,2017,2017-12-03,3300,750,REG,3300
57424,2017,2017-12-03,4600,3700,REG,4600
57422,2017,2017-12-03,3800,2510,REG,2510
57423,2017,2017-12-03,2520,3410,REG,2520
57419,2017,2017-12-03,3430,2310,REG,3430
57417,2017,2017-12-03,2700,1400,REG,2700
57415,2017,2017-12-03,1800,4900,REG,1800
57411,2017,2017-12-03,200,3000,REG,3000
57414,2017,2017-12-03,810,4500,REG,4500
57412,2017,2017-12-03,325,1540,REG,325
57413,2017,2017-12-03,610,3200,REG,3200
57425,2017,2017-12-04,920,3900,REG,3900
57426,2017,2017-12-07,200,3300,REG,200
57437,2017,2017-12-10,4400,5110,REG,4400
57436,2017,2017-12-10,1400,3430,REG,1400
57430,2017,2017-12-10,1050,1800,REG,1800
57435,2017,2017-12-10,3800,2100,REG,3800
57440,2017,2017-12-10,3900,325,REG,3900
57432,2017,2017-12-10,2250,4600,REG,2250
57438,2017,2017-12-10,2510,3700,REG,3700
57431,2017,2017-12-10,2120,4500,REG,4500
57429,2017,2017-12-10,920,810,REG,810
57427,2017,2017-12-10,610,2200,REG,610
57439,2017,2017-12-10,3410,1200,REG,1200
57434,2017,2017-12-10,4900,1540,REG,1540
57433,2017,2017-12-10,2310,2520,REG,2310
57428,2017,2017-12-10,750,3000,REG,750
57441,2017,2017-12-11,2700,3200,REG,2700
57442,2017,2017-12-14,2200,1400,REG,1400
57443,2017,2017-12-16,1540,810,REG,1540
57444,2017,2017-12-16,2310,4400,REG,2310
57453,2017,2017-12-17,4600,2510,REG,2510
57452,2017,2017-12-17,5110,3800,REG,5110
57449,2017,2017-12-17,3000,920,REG,3000
57456,2017,2017-12-17,2520,1200,REG,1200
57454,2017,2017-12-17,3900,3200,REG,3200
57455,2017,2017-12-17,4500,2100,REG,4500
57448,2017,2017-12-17,2250,2120,REG,2250
57445,2017,2017-12-17,610,2700,REG,610
57446,2017,2017-12-17,750,1800,REG,750
57451,2017,2017-12-17,3410,3700,REG,3700
57447,2017,2017-12-17,1050,325,REG,325
57450,2017,2017-12-17,3300,3430,REG,3300
57457,2017,2017-12-18,4900,200,REG,200
57459,2017,2017-12-23,1800,3000,REG,3000
57458,2017,2017-12-23,325,2200,REG,325
57465,2017,2017-12-24,3300,200,REG,3300
57462,2017,2017-12-24,920,1540,REG,920
57463,2017,2017-12-24,2310,2700,REG,2310
57470,2017,2017-12-24,3800,3410,REG,3800
57469,2017,2017-12-24,4500,2250,REG,4500
57460,2017,2017-12-24,750,4900,REG,750
57461,2017,2017-12-24,810,1050,REG,810
57468,2017,2017-12-24,5110,1400,REG,5110
57471,2017,2017-12-24,1200,4600,REG,4600
57466,2017,2017-12-24,3430,4400,REG,4400
57467,2017,2017-12-24,2100,2510,REG,2510
57464,2017,2017-12-24,3200,610,REG,3200
57473,2017,2017-12-25,3700,2520,REG,3700
57472,2017,2017-12-25,2120,3900,REG,3900
57488,2017,2017-12-31,2510,4500,REG,4500
57484,2017,2017-12-31,4900,3300,REG,4900
57474,2017,2017-12-31,200,750,REG,200
57487,2017,2017-12-31,4400,2520,REG,4400
57478,2017,2017-12-31,2700,610,REG,610
57475,2017,2017-12-31,325,920,REG,920
57489,2017,2017-12-31,4600,3800,REG,3800
57486,2017,2017-12-31,1400,2310,REG,2310
57485,2017,2017-12-31,2100,2250,REG,2100
57476,2017,2017-12-31,1540,1800,REG,1540
57479,2017,2017-12-31,3000,810,REG,3000
57481,2017,2017-12-31,3410,5110,REG,3410
57477,2017,2017-12-31,2200,2120,REG,2200
57483,2017,2017-12-31,3900,1050,REG,3900
57482,2017,2017-12-31,3700,1200,REG,1200
57480,2017,2017-12-31,3200,3430,REG,3200
57491,2017,2018-01-06,2510,200,POST,200
57490,2017,2018-01-06,2310,2100,POST,2100
57492,2017,2018-01-07,2250,610,POST,2250
57493,2017,2018-01-07,3300,750,POST,3300
57495,2017,2018-01-13,3200,2100,POST,3200
57494,2017,2018-01-13,3700,200,POST,3700
57496,2017,2018-01-14,3900,2250,POST,2250
57497,2017,2018-01-14,3000,3300,POST,3000
57498,2017,2018-01-21,3200,2250,POST,3200
57499,2017,2018-01-21,3700,3000,POST,3700
57500,2017,2018-02-04,3200,3700,POST,3700
57567,2018,2018-09-06,3700,200,REG,3700
57577,2018,2018-09-09,3800,5110,REG,5110
57576,2018,2018-09-09,4400,2310,REG,2310
57574,2018,2018-09-09,3300,4900,REG,4900
57580,2018,2018-09-09,1800,810,REG,1800
57578,2018,2018-09-09,750,1200,REG,750
57579,2018,2018-09-09,1400,4600,REG,1400
57575,2018,2018-09-09,3410,2250,REG,2250
57571,2018,2018-09-09,2700,2100,REG,2700
57570,2018,2018-09-09,2200,920,REG,920
57569,2018,2018-09-09,1050,3900,REG,0
57573,2018,2018-09-09,3200,2120,REG,3200
57568,2018,2018-09-09,325,610,REG,325
57572,2018,2018-09-09,3000,4500,REG,3000
57582,2018,2018-09-10,2520,2510,REG,2510
57581,2018,2018-09-10,1540,3430,REG,3430
57583,2018,2018-09-13,920,325,REG,920
57594,2018,2018-09-16,4500,1540,REG,4500
57590,2018,2018-09-16,4900,3700,REG,4900
57591,2018,2018-09-16,2100,2120,REG,2100
57593,2018,2018-09-16,2510,3800,REG,2510
57597,2018,2018-09-16,1200,3410,REG,1200
57596,2018,2018-09-16,2250,3200,REG,2250
57595,2018,2018-09-16,1400,2520,REG,1400
57588,2018,2018-09-16,3430,2700,REG,2700
57587,2018,2018-09-16,3300,1050,REG,3300
57586,2018,2018-09-16,1800,3000,REG,0
57585,2018,2018-09-16,610,4400,REG,4400
57592,2018,2018-09-16,5110,2200,REG,2200
57589,2018,2018-09-16,3900,2310,REG,2310
57584,2018,2018-09-16,200,750,REG,200
57598,2018,2018-09-17,810,4600,REG,810
57599,2018,2018-09-20,1050,3430,REG,1050
57607,2018,2018-09-23,3000,610,REG,610
57606,2018,2018-09-23,2700,2520,REG,2700
57608,2018,2018-09-23,3700,2200,REG,3700
57610,2018,2018-09-23,2510,4400,REG,2510
57613,2018,2018-09-23,1540,3200,REG,1540
57612,2018,2018-09-23,4600,1200,REG,4600
57611,2018,2018-09-23,3800,810,REG,810
57604,2018,2018-09-23,2250,2100,REG,2100
57603,2018,2018-09-23,2120,3410,REG,3410
57602,2018,2018-09-23,750,920,REG,750
57601,2018,2018-09-23,325,1400,REG,325
57609,2018,2018-09-23,5110,1800,REG,5110
57605,2018,2018-09-23,2310,4500,REG,2310
57600,2018,2018-09-23,200,3300,REG,3300
57614,2018,2018-09-24,4900,3900,REG,3900
57615,2018,2018-09-27,2510,3000,REG,2510
57625,2018,2018-09-30,2520,1050,REG,2520
57624,2018,2018-09-30,3800,4600,REG,4600
57622,2018,2018-09-30,3200,2700,REG,3200
57628,2018,2018-09-30,3900,325,REG,325
57626,2018,2018-09-30,4400,4500,REG,4400
57627,2018,2018-09-30,3410,3300,REG,3300
57623,2018,2018-09-30,2100,3700,REG,2100
57620,2018,2018-09-30,2200,2120,REG,2120
57619,2018,2018-09-30,1800,610,REG,1800
57618,2018,2018-09-30,1200,1540,REG,1200
57621,2018,2018-09-30,2250,3430,REG,2250
57616,2018,2018-09-30,200,920,REG,920
57617,2018,2018-09-30,810,4900,REG,810
57629,2018,2018-10-01,1400,2310,REG,2310
57630,2018,2018-10-04,3200,2200,REG,3200
57640,2018,2018-10-07,3700,3000,REG,3000
57639,2018,2018-10-07,4400,2520,REG,4400
57637,2018,2018-10-07,3430,1400,REG,3430
57643,2018,2018-10-07,2120,1200,REG,2120
57641,2018,2018-10-07,4500,3800,REG,3800
57642,2018,2018-10-07,4600,2510,REG,2510
57638,2018,2018-10-07,3900,200,REG,3900
57635,2018,2018-10-07,1540,1800,REG,1540
57634,2018,2018-10-07,1050,325,REG,1050
57633,2018,2018-10-07,920,2700,REG,920
57636,2018,2018-10-07,2310,2250,REG,2310
57631,2018,2018-10-07,610,2100,REG,610
57632,2018,2018-10-07,750,3410,REG,750
57644,2018,2018-10-08,3300,5110,REG,3300
57645,2018,2018-10-11,3410,3700,REG,3700
57655,2018,2018-10-14,1400,2510,REG,2510
57649,2018,2018-10-14,2120,610,REG,2120
57648,2018,2018-10-14,1050,4400,REG,4400
57658,2018,2018-10-14,3200,2310,REG,3200
57657,2018,2018-10-14,2100,325,REG,325
57656,2018,2018-10-14,1200,2250,REG,1200
57647,2018,2018-10-14,920,3900,REG,3900
57653,2018,2018-10-14,2520,4600,REG,4600
57654,2018,2018-10-14,5110,750,REG,5110
57646,2018,2018-10-14,200,4900,REG,200
57650,2018,2018-10-14,2700,810,REG,2700
57651,2018,2018-10-14,3000,3800,REG,3000
57652,2018,2018-10-14,3430,2200,REG,3430
57659,2018,2018-10-15,1800,4500,REG,1800
57660,2018,2018-10-18,3800,1400,REG,1400
57667,2018,2018-10-21,2700,1540,REG,1540
57668,2018,2018-10-21,3430,3000,REG,3000
57670,2018,2018-10-21,4900,1050,REG,4900
57665,2018,2018-10-21,2250,2120,REG,2120
57661,2018,2018-10-21,4400,2100,REG,4400
57663,2018,2018-10-21,810,3200,REG,3200
57664,2018,2018-10-21,2200,610,REG,2200
57672,2018,2018-10-21,4500,2510,REG,2510
57666,2018,2018-10-21,2310,920,REG,2310
57671,2018,2018-10-21,5110,1200,REG,5110
57662,2018,2018-10-21,325,3300,REG,3300
57669,2018,2018-10-21,3700,750,REG,750
57673,2018,2018-10-22,200,3410,REG,200
57674,2018,2018-10-25,2120,2700,REG,2120
57683,2018,2018-10-28,2520,2200,REG,2200
57676,2018,2018-10-28,750,325,REG,750
57678,2018,2018-10-28,920,4900,REG,920
57686,2018,2018-10-28,3000,3300,REG,3300
57685,2018,2018-10-28,2510,1800,REG,2510
57684,2018,2018-10-28,3800,4500,REG,3800
57682,2018,2018-10-28,3900,1050,REG,3900
57677,2018,2018-10-28,810,3430,REG,810
57675,2018,2018-10-28,2250,3700,REG,3700
57679,2018,2018-10-28,1540,4600,REG,4600
57680,2018,2018-10-28,2310,1400,REG,2310
57681,2018,2018-10-28,3410,5110,REG,5110
57687,2018,2018-10-29,610,3200,REG,3200
57688,2018,2018-11-01,4500,2520,REG,4500
57697,2018,2018-11-04,4600,4400,REG,4400
57690,2018,2018-11-04,610,810,REG,810
57696,2018,2018-11-04,1400,2120,REG,2120
57699,2018,2018-11-04,3200,1800,REG,3200
57698,2018,2018-11-04,3300,2510,REG,3300
57695,2018,2018-11-04,5110,200,REG,200
57693,2018,2018-11-04,2700,3430,REG,2700
57694,2018,2018-11-04,3000,1540,REG,3000
57692,2018,2018-11-04,1050,2310,REG,2310
57689,2018,2018-11-04,325,3900,REG,3900
57691,2018,2018-11-04,750,4900,REG,750
57700,2018,2018-11-05,1200,2100,REG,2100
57701,2018,2018-11-08,3900,750,REG,3900
57711,2018,2018-11-11,2520,4400,REG,4400
57702,2018,2018-11-11,810,1540,REG,810
57703,2018,2018-11-11,920,3300,REG,3300
57713,2018,2018-11-11,3700,1200,REG,1200
57712,2018,2018-11-11,2510,4600,REG,2510
57705,2018,2018-11-11,1800,2700,REG,1800
57707,2018,2018-11-11,2310,3800,REG,2310
57706,2018,2018-11-11,2200,2250,REG,2200
57710,2018,2018-11-11,2100,3200,REG,2100
57708,2018,2018-11-11,3430,610,REG,610
57709,2018,2018-11-11,4900,5110,REG,5110
57704,2018,2018-11-11,1050,200,REG,1050
57714,2018,2018-11-12,4500,3410,REG,3410
57715,2018,2018-11-15,4600,1800,REG,4600
57724,2018,2018-11-18,4400,1400,REG,1400
57716,2018,2018-11-18,200,1200,REG,1200
57723,2018,2018-11-18,3800,2520,REG,2520
57718,2018,2018-11-18,810,3000,REG,810
57725,2018,2018-11-18,3300,3700,REG,3300
57717,2018,2018-11-18,325,920,REG,325
57720,2018,2018-11-18,2200,2100,REG,2200
57719,2018,2018-11-18,1540,750,REG,1540
57721,2018,2018-11-18,3410,4900,REG,3410
57726,2018,2018-11-18,2250,3900,REG,3900
57722,2018,2018-11-18,5110,2120,REG,2120
57727,2018,2018-11-19,2510,2310,REG,2510
57730,2018,2018-11-22,3300,200,REG,3300
57729,2018,2018-11-22,1200,5110,REG,1200
57728,2018,2018-11-22,1540,810,REG,810
57739,2018,2018-11-25,4400,3800,REG,4400
57737,2018,2018-11-25,3700,3410,REG,3700
57735,2018,2018-11-25,2200,2700,REG,2200
57741,2018,2018-11-25,3000,1800,REG,3000
57740,2018,2018-11-25,1400,3900,REG,1400
57738,2018,2018-11-25,4900,4500,REG,4900
57731,2018,2018-11-25,325,2520,REG,325
57736,2018,2018-11-25,3430,3200,REG,3200
57732,2018,2018-11-25,610,2250,REG,610
57734,2018,2018-11-25,920,1050,REG,1050
57733,2018,2018-11-25,750,4600,REG,4600
57742,2018,2018-11-26,2120,2100,REG,2120
57743,2018,2018-11-29,1200,3300,REG,1200
57755,2018,2018-12-02,2100,3430,REG,2100
57746,2018,2018-12-02,1540,2510,REG,2510
57747,2018,2018-12-02,1800,3800,REG,3800
57754,2018,2018-12-02,2520,2310,REG,2310
57752,2018,2018-12-02,3900,4400,REG,4400
57756,2018,2018-12-02,3200,3000,REG,3200
57757,2018,2018-12-02,4600,4500,REG,4600
57753,2018,2018-12-02,4900,750,REG,4900
57745,2018,2018-12-02,920,1400,REG,1400
57744,2018,2018-12-02,200,325,REG,325
57751,2018,2018-12-02,3410,810,REG,3410
57748,2018,2018-12-02,2120,1050,REG,2120
57749,2018,2018-12-02,2250,2200,REG,2250
57750,2018,2018-12-02,2700,610,REG,2700
57758,2018,2018-12-03,3700,5110,REG,3700
57759,2018,2018-12-06,2100,2250,REG,2100
57769,2018,2018-12-09,4400,920,REG,4400
57770,2018,2018-12-09,4500,1400,REG,4500
57762,2018,2018-12-09,1050,750,REG,1050
57773,2018,2018-12-09,2520,3900,REG,2520
57761,2018,2018-12-09,810,2510,REG,810
57772,2018,2018-12-09,1200,3700,REG,1200
57771,2018,2018-12-09,3800,1540,REG,1540
57767,2018,2018-12-09,4900,3300,REG,3300
57768,2018,2018-12-09,5110,3410,REG,3410
57760,2018,2018-12-09,610,3430,REG,3430
57766,2018,2018-12-09,2700,3200,REG,2700
57763,2018,2018-12-09,1800,200,REG,1800
57764,2018,2018-12-09,2120,2200,REG,2200
57765,2018,2018-12-09,2310,325,REG,2310
57774,2018,2018-12-10,4600,3000,REG,4600
57775,2018,2018-12-13,2310,4400,REG,4400
57777,2018,2018-12-15,1400,1050,REG,1050
57776,2018,2018-12-15,3430,2120,REG,2120
57780,2018,2018-12-16,610,1540,REG,610
57779,2018,2018-12-16,325,4900,REG,325
57778,2018,2018-12-16,200,3800,REG,200
57789,2018,2018-12-16,2510,3700,REG,3700
57788,2018,2018-12-16,3900,3200,REG,3900
57787,2018,2018-12-16,4500,4600,REG,4500
57783,2018,2018-12-16,2200,1200,REG,2200
57782,2018,2018-12-16,920,2520,REG,920
57781,2018,2018-12-16,810,1800,REG,810
57786,2018,2018-12-16,3410,2100,REG,2100
57785,2018,2018-12-16,3000,2700,REG,3000
57784,2018,2018-12-16,2250,5110,REG,5110
57790,2018,2018-12-17,750,3300,REG,3300
57792,2018,2018-12-22,4400,325,REG,325
57794,2018,2018-12-22,2100,5110,REG,2100
57802,2018,2018-12-23,3800,2510,REG,2510
57800,2018,2018-12-23,3430,1800,REG,1800
57799,2018,2018-12-23,3200,610,REG,3200
57805,2018,2018-12-23,4600,2310,REG,4600
57804,2018,2018-12-23,3300,3900,REG,3300
57803,2018,2018-12-23,4500,810,REG,810
57798,2018,2018-12-23,1540,3000,REG,3000
57795,2018,2018-12-23,750,200,REG,200
57791,2018,2018-12-23,2200,3410,REG,2200
57793,2018,2018-12-23,2700,2250,REG,2250
57797,2018,2018-12-23,1200,4900,REG,1200
57796,2018,2018-12-23,1050,920,REG,1050
57801,2018,2018-12-23,3700,2120,REG,3700
57806,2018,2018-12-24,2520,1400,REG,2520
57812,2018,2018-12-30,3000,810,REG,810
57807,2018,2018-12-30,325,1050,REG,325
57820,2018,2018-12-30,1400,4400,REG,4400
57822,2018,2018-12-30,4600,3800,REG,4600
57816,2018,2018-12-30,3900,920,REG,3900
57818,2018,2018-12-30,2100,2200,REG,2200
57811,2018,2018-12-30,2310,2520,REG,2310
57821,2018,2018-12-30,2510,4500,REG,2510
57815,2018,2018-12-30,3410,1200,REG,1200
57814,2018,2018-12-30,3300,750,REG,750
57813,2018,2018-12-30,3200,3430,REG,3200
57817,2018,2018-12-30,4900,200,REG,200
57808,2018,2018-12-30,610,2700,REG,610
57819,2018,2018-12-30,5110,3700,REG,3700
57810,2018,2018-12-30,2120,2250,REG,2120
57809,2018,2018-12-30,1800,1540,REG,1540
57823,2018,2019-01-05,2120,2200,POST,2200
57824,2018,2019-01-05,1200,4600,POST,1200
57826,2018,2019-01-06,810,3700,POST,3700
57825,2018,2019-01-06,325,4400,POST,4400
57828,2018,2019-01-12,2510,1200,POST,2510
57827,2018,2019-01-12,2310,2200,POST,2310
57830,2018,2019-01-13,3300,3700,POST,3300
57829,2018,2019-01-13,3200,4400,POST,3200
57831,2018,2019-01-20,3300,2510,POST,2510
57832,2018,2019-01-20,2310,3200,POST,3200
57833,2018,2019-02-03,2510,3200,POST,3200
57900,2019,2019-09-05,810,1800,REG,1800
57908,2019,2019-09-08,4400,2200,REG,4400
57909,2019,2019-09-08,4600,920,REG,4600
57902,2019,2019-09-08,1050,2100,REG,2100
57911,2019,2019-09-08,1200,3410,REG,1200
57913,2019,2019-09-08,3200,3900,REG,3200
57912,2019,2019-09-08,4900,4500,REG,4500
57910,2019,2019-09-08,3800,1540,REG,0
57907,2019,2019-09-08,3700,5110,REG,3700
57904,2019,2019-09-08,2700,325,REG,325
57906,2019,2019-09-08,3430,610,REG,610
57905,2019,2019-09-08,3000,200,REG,3000
57901,2019,2019-09-08,750,2510,REG,2510
57903,2019,2019-09-08,2250,2310,REG,2310
57915,2019,2019-09-09,2520,1400,REG,2520
57914,2019,2019-09-09,3300,2120,REG,3300
57916,2019,2019-09-12,750,4900,REG,4900
57922,2019,2019-09-15,2700,3200,REG,3200
57917,2019,2019-09-15,325,3800,REG,325
57923,2019,2019-09-15,3410,610,REG,610
57921,2019,2019-09-15,2120,2250,REG,2120
57930,2019,2019-09-15,200,3700,REG,200
57929,2019,2019-09-15,2510,3300,REG,2510
57928,2019,2019-09-15,1400,810,REG,810
57924,2019,2019-09-15,3900,4600,REG,4600
57918,2019,2019-09-15,920,4500,REG,4500
57927,2019,2019-09-15,2520,2310,REG,2310
57925,2019,2019-09-15,2100,2200,REG,2200
57920,2019,2019-09-15,1800,3000,REG,1800
57926,2019,2019-09-15,5110,1200,REG,1200
57919,2019,2019-09-15,1540,4400,REG,1540
57931,2019,2019-09-16,3430,1050,REG,1050
57932,2019,2019-09-19,2250,2100,REG,2250
57942,2019,2019-09-22,4900,3410,REG,3410
57941,2019,2019-09-22,3800,750,REG,750
57935,2019,2019-09-22,1800,1400,REG,1800
57943,2019,2019-09-22,4400,2120,REG,2120
57946,2019,2019-09-22,1050,2510,REG,2510
57945,2019,2019-09-22,4500,3900,REG,4500
57944,2019,2019-09-22,4600,3300,REG,3300
57934,2019,2019-09-22,1200,2700,REG,1200
57936,2019,2019-09-22,2200,200,REG,2200
57940,2019,2019-09-22,3700,1540,REG,1540
57938,2019,2019-09-22,3000,2520,REG,3000
57933,2019,2019-09-22,610,920,REG,610
57937,2019,2019-09-22,2310,325,REG,2310
57939,2019,2019-09-22,3200,3430,REG,3200
57947,2019,2019-09-23,5110,810,REG,810
57948,2019,2019-09-26,1800,3700,REG,3700
57958,2019,2019-09-29,2510,4900,REG,4900
57957,2019,2019-09-29,3800,4600,REG,4600
57953,2019,2019-09-29,2120,750,REG,750
57961,2019,2019-09-29,3300,1200,REG,3300
57959,2019,2019-09-29,810,3000,REG,810
57960,2019,2019-09-29,1400,2250,REG,2250
57951,2019,2019-09-29,610,3200,REG,3200
57956,2019,2019-09-29,3410,5110,REG,3410
57950,2019,2019-09-29,325,1050,REG,1050
57949,2019,2019-09-29,200,2100,REG,2100
57955,2019,2019-09-29,2700,4400,REG,4400
57952,2019,2019-09-29,1540,2310,REG,2310
57954,2019,2019-09-29,2200,2520,REG,2520
57962,2019,2019-09-30,3900,920,REG,3900
57963,2019,2019-10-03,4600,2510,REG,4600
57971,2019,2019-10-06,3900,325,REG,325
57964,2019,2019-10-06,750,2250,REG,750
57968,2019,2019-10-06,3410,3000,REG,3000
57969,2019,2019-10-06,2520,810,REG,2520
57976,2019,2019-10-06,2310,2200,REG,2200
57975,2019,2019-10-06,1200,1800,REG,1800
57974,2019,2019-10-06,4400,1400,REG,1400
57973,2019,2019-10-06,5110,3200,REG,3200
57970,2019,2019-10-06,3700,3430,REG,3700
57972,2019,2019-10-06,2100,610,REG,610
57966,2019,2019-10-06,2120,200,REG,2120
57967,2019,2019-10-06,3300,4900,REG,3300
57965,2019,2019-10-06,920,3800,REG,3800
57977,2019,2019-10-07,4500,1050,REG,4500
57978,2019,2019-10-10,3200,3410,REG,3200
57987,2019,2019-10-13,2510,4500,REG,4500
57986,2019,2019-10-13,3800,200,REG,3800
57982,2019,2019-10-13,2250,3300,REG,3300
57990,2019,2019-10-13,4400,3900,REG,3900
57988,2019,2019-10-13,1400,2100,REG,1400
57989,2019,2019-10-13,3430,1200,REG,3430
57985,2019,2019-10-13,3000,3700,REG,3000
57984,2019,2019-10-13,2700,5110,REG,5110
57979,2019,2019-10-13,4900,750,REG,750
57983,2019,2019-10-13,2310,2120,REG,2120
57980,2019,2019-10-13,325,920,REG,325
57981,2019,2019-10-13,1050,4600,REG,4600
57991,2019,2019-10-14,1800,1540,REG,1800
57992,2019,2019-10-17,1400,2310,REG,2310
58001,2019,2019-10-20,2100,4400,REG,2100
58000,2019,2019-10-20,5110,4500,REG,4500
57998,2019,2019-10-20,2200,2120,REG,2200
58004,2019,2019-10-20,1200,3700,REG,1200
58002,2019,2019-10-20,810,3300,REG,3300
58003,2019,2019-10-20,4600,325,REG,325
57996,2019,2019-10-20,1540,3000,REG,3000
57997,2019,2019-10-20,1800,2520,REG,1800
57994,2019,2019-10-20,610,2700,REG,610
57999,2019,2019-10-20,3410,3800,REG,3800
57993,2019,2019-10-20,200,2510,REG,2510
57995,2019,2019-10-20,920,2250,REG,2250
58005,2019,2019-10-21,3430,3200,REG,3200
58006,2019,2019-10-24,3000,5110,REG,3000
58017,2019,2019-10-27,2200,1400,REG,2200
58015,2019,2019-10-27,2100,4900,REG,2100
58012,2019,2019-10-27,2250,3430,REG,2250
58016,2019,2019-10-27,4500,750,REG,4500
58019,2019,2019-10-27,2310,1800,REG,1800
58018,2019,2019-10-27,3200,1050,REG,3200
58011,2019,2019-10-27,2120,2520,REG,2120
58010,2019,2019-10-27,1540,3410,REG,1540
58007,2019,2019-10-27,200,4600,REG,4600
58014,2019,2019-10-27,3300,3800,REG,3300
58013,2019,2019-10-27,2510,920,REG,2510
58008,2019,2019-10-27,610,3700,REG,3700
58009,2019,2019-10-27,810,4400,REG,4400
58020,2019,2019-10-28,3900,2700,REG,3900
58021,2019,2019-10-31,3800,4500,REG,4500
58029,2019,2019-11-03,2520,1540,REG,2520
58027,2019,2019-11-03,3700,810,REG,3700
58025,2019,2019-11-03,2310,3000,REG,2310
58033,2019,2019-11-03,325,3200,REG,325
58031,2019,2019-11-03,1400,1050,REG,1400
58032,2019,2019-11-03,4400,1800,REG,4400
58026,2019,2019-11-03,2700,3430,REG,2700
58022,2019,2019-11-03,2250,2120,REG,2120
58030,2019,2019-11-03,4600,4900,REG,4600
58028,2019,2019-11-03,3900,2200,REG,3900
58023,2019,2019-11-03,610,5110,REG,610
58024,2019,2019-11-03,750,2100,REG,750
58034,2019,2019-11-04,3410,1200,REG,1200
58035,2019,2019-11-07,2520,4400,REG,2520
58044,2019,2019-11-10,2200,2700,REG,2700
58036,2019,2019-11-10,810,1540,REG,810
58043,2019,2019-11-10,2100,2310,REG,2100
58046,2019,2019-11-10,1200,3000,REG,3000
58045,2019,2019-11-10,3900,2510,REG,3900
58039,2019,2019-11-10,1800,750,REG,1800
58040,2019,2019-11-10,3300,200,REG,200
58038,2019,2019-11-10,1050,610,REG,1050
58037,2019,2019-11-10,920,325,REG,325
58041,2019,2019-11-10,3430,3410,REG,3430
58042,2019,2019-11-10,4900,3800,REG,4900
58047,2019,2019-11-11,4500,4600,REG,4600
58048,2019,2019-11-14,1050,3900,REG,1050
58057,2019,2019-11-17,4500,3800,REG,4500
58051,2019,2019-11-17,1540,1200,REG,1200
58055,2019,2019-11-17,4900,3300,REG,3300
58060,2019,2019-11-17,2510,810,REG,2510
58058,2019,2019-11-17,2520,920,REG,2520
58059,2019,2019-11-17,3700,3200,REG,3200
58053,2019,2019-11-17,2700,610,REG,610
58052,2019,2019-11-17,2200,2250,REG,2200
58050,2019,2019-11-17,750,200,REG,200
58049,2019,2019-11-17,325,2120,REG,325
58054,2019,2019-11-17,3000,1400,REG,3000
58056,2019,2019-11-17,5110,3430,REG,3430
58061,2019,2019-11-18,4400,2310,REG,2310
58062,2019,2019-11-21,2120,2200,REG,2120
58069,2019,2019-11-24,3430,2520,REG,3430
58070,2019,2019-11-24,5110,1540,REG,5110
58068,2019,2019-11-24,3300,750,REG,3300
58073,2019,2019-11-24,4500,1800,REG,4500
58071,2019,2019-11-24,2100,2250,REG,2100
58074,2019,2019-11-24,3700,4600,REG,4600
58063,2019,2019-11-24,200,4900,REG,4900
58064,2019,2019-11-24,610,1400,REG,610
58072,2019,2019-11-24,3200,1200,REG,3200
58067,2019,2019-11-24,1050,2700,REG,1050
58066,2019,2019-11-24,920,3900,REG,3900
58065,2019,2019-11-24,810,3410,REG,810
58075,2019,2019-11-25,2510,325,REG,325
58077,2019,2019-11-28,1200,610,REG,610
58078,2019,2019-11-28,200,3300,REG,3300
58076,2019,2019-11-28,1540,810,REG,810
58087,2019,2019-12-01,3800,2510,REG,2510
58089,2019,2019-12-01,3900,1050,REG,3900
58081,2019,2019-12-01,920,3430,REG,920
58090,2019,2019-12-01,2120,3200,REG,2120
58088,2019,2019-12-01,1400,4400,REG,1400
58084,2019,2019-12-01,2310,2520,REG,2310
58085,2019,2019-12-01,2700,3700,REG,2700
58079,2019,2019-12-01,325,4500,REG,325
58082,2019,2019-12-01,2200,2100,REG,2100
58080,2019,2019-12-01,750,5110,REG,5110
58083,2019,2019-12-01,2250,4900,REG,4900
58086,2019,2019-12-01,3410,1800,REG,1800
58091,2019,2019-12-02,4600,3000,REG,4600
58092,2019,2019-12-05,810,1200,REG,810
58102,2019,2019-12-08,2250,4400,REG,4400
58097,2019,2019-12-08,2120,1400,REG,1400
58094,2019,2019-12-08,610,325,REG,325
58105,2019,2019-12-08,2520,2100,REG,2100
58106,2019,2019-12-08,2510,4600,REG,2510
58103,2019,2019-12-08,3800,3900,REG,3900
58104,2019,2019-12-08,3200,2310,REG,2310
58098,2019,2019-12-08,3000,1540,REG,3000
58096,2019,2019-12-08,1800,5110,REG,1800
58100,2019,2019-12-08,3430,2700,REG,3430
58101,2019,2019-12-08,4900,2200,REG,4900
58099,2019,2019-12-08,3300,4500,REG,4500
58093,2019,2019-12-08,200,750,REG,200
58095,2019,2019-12-08,1050,920,REG,1050
58107,2019,2019-12-09,3700,3410,REG,3700
58108,2019,2019-12-12,325,3430,REG,325
58118,2019,2019-12-15,3800,1050,REG,3800
58119,2019,2019-12-15,2520,2250,REG,2250
58117,2019,2019-12-15,5110,3700,REG,3700
58122,2019,2019-12-15,4400,3000,REG,3000
58115,2019,2019-12-15,3900,610,REG,610
58121,2019,2019-12-15,4500,200,REG,4500
58120,2019,2019-12-15,1200,2510,REG,1200
58113,2019,2019-12-15,2310,1400,REG,2310
58114,2019,2019-12-15,3410,2700,REG,3410
58111,2019,2019-12-15,1540,4900,REG,4900
58109,2019,2019-12-15,750,4600,REG,4600
58116,2019,2019-12-15,2100,2120,REG,2120
58110,2019,2019-12-15,920,3200,REG,3200
58112,2019,2019-12-15,1800,810,REG,1800
58123,2019,2019-12-16,3300,2200,REG,3300
58126,2019,2019-12-21,3200,610,REG,3200
58127,2019,2019-12-21,4500,2510,REG,4500
58128,2019,2019-12-21,4900,2120,REG,2120
58125,2019,2019-12-22,4400,2520,REG,2520
58124,2019,2019-12-22,1400,1540,REG,1400
58132,2019,2019-12-22,2700,920,REG,2700
58138,2019,2019-12-22,810,2310,REG,2310
58136,2019,2019-12-22,3700,1200,REG,3700
58137,2019,2019-12-22,4600,3800,REG,3800
58134,2019,2019-12-22,2100,3300,REG,3300
58133,2019,2019-12-22,3430,3900,REG,3430
58129,2019,2019-12-22,200,2250,REG,200
58130,2019,2019-12-22,1050,325,REG,325
58135,2019,2019-12-22,5110,3410,REG,3410
58131,2019,2019-12-22,2200,750,REG,2200
58139,2019,2019-12-23,3000,1800,REG,1800
58144,2019,2019-12-29,1200,5110,REG,1200
58146,2019,2019-12-29,2120,2100,REG,2100
58151,2019,2019-12-29,3410,3700,REG,3700
58154,2019,2019-12-29,2510,3800,REG,2510
58140,2019,2019-12-29,325,3900,REG,325
58155,2019,2019-12-29,4600,4500,REG,4500
58147,2019,2019-12-29,2250,2200,REG,2250
58153,2019,2019-12-29,1400,2520,REG,1400
58152,2019,2019-12-29,4900,200,REG,200
58148,2019,2019-12-29,2310,4400,REG,2310
58149,2019,2019-12-29,3000,810,REG,810
58142,2019,2019-12-29,750,3300,REG,3300
58150,2019,2019-12-29,3200,2700,REG,2700
58143,2019,2019-12-29,920,1050,REG,920
58141,2019,2019-12-29,610,3430,REG,3430
58145,2019,2019-12-29,1540,1800,REG,1800
58157,2019,2020-01-04,3200,2100,POST,2100
58156,2019,2020-01-04,2120,610,POST,2120
58158,2019,2020-01-05,3300,3000,POST,3000
58159,2019,2020-01-05,3700,4600,POST,4600
58160,2019,2020-01-11,4500,3000,POST,4500
58161,2019,2020-01-11,325,2100,POST,2100
58163,2019,2020-01-12,1800,4600,POST,1800
58162,2019,2020-01-12,2310,2120,POST,2310
58164,2019,2020-01-19,2310,2100,POST,2310
58165,2019,2020-01-19,4500,1800,POST,4500
58167,2019,2020-02-02,2310,4500,POST,2310
